Word,No. of Reports Containing Word,Reports
BIRCH, 9, 514; 831; 1200; 1645; 1740; 1906; 2949; 3003; 4555
BUSH, 81, 26; 60; 63; 219; 260; 298; 523; 605; 921; 1010; 1059; 1191; 1193; 1271; 1304; 1308; 1341; 1484; 1558; 1746; 1827; 1859; 1865; 1888; 1952; 1986; 2032; 2035; 2095; 2139; 2148; 2258; 2337; 2380; 2386; 2395; 2411; 2462; 2486; 2491; 2609; 2702; 2759; 2784; 2869; 3041; 3053; 3128; 3150; 3293; 3360; 3411; 3456; 3463; 3464; 3489; 3520; 3656; 3693; 3698; 3709; 3718; 3746; 3817; 3835; 3880; 3895; 3912; 4169; 4231; 4285; 4317; 4381; 4451; 4463; 4522; 4628; 4733; 4820; 4896; 4960
BUSHES, 217, 2; 5; 14; 20; 83; 190; 203; 217; 218; 242; 289; 292; 294; 299; 321; 328; 367; 386; 420; 424; 472; 474; 476; 484; 515; 517; 539; 571; 684; 782; 794; 804; 854; 860; 867; 877; 894; 921; 922; 923; 924; 939; 960; 981; 996; 1001; 1009; 1035; 1040; 1042; 1053; 1098; 1133; 1134; 1165; 1198; 1262; 1267; 1326; 1369; 1370; 1372; 1398; 1409; 1466; 1481; 1619; 1845; 1856; 1870; 1881; 1887; 1898; 1899; 1918; 1923; 1940; 2005; 2032; 2041; 2079; 2140; 2141; 2265; 2301; 2320; 2337; 2407; 2426; 2486; 2497; 2505; 2509; 2510; 2514; 2523; 2534; 2536; 2543; 2612; 2624; 2625; 2629; 2662; 2664; 2665; 2667; 2683; 2694; 2702; 2723; 2733; 2735; 2739; 2760; 2797; 2802; 2834; 2847; 2867; 2884; 2885; 2891; 2898; 2903; 2910; 2925; 2945; 2985; 3000; 3002; 3003; 3030; 3040; 3060; 3075; 3116; 3156; 3160; 3187; 3208; 3226; 3233; 3240; 3304; 3311; 3411; 3451; 3455; 3501; 3528; 3565; 3597; 3616; 3633; 3647; 3696; 3707; 3718; 3736; 3748; 3817; 3835; 3838; 3896; 3923; 3943; 3959; 3974; 4027; 4033; 4060; 4065; 4105; 4110; 4121; 4125; 4151; 4175; 4179; 4184; 4187; 4206; 4210; 4212; 4226; 4227; 4310; 4311; 4314; 4318; 4320; 4358; 4359; 4371; 4375; 4413; 4415; 4444; 4447; 4496; 4522; 4552; 4563; 4581; 4675; 4736; 4833; 4838; 4861; 4885; 4896; 4944; 4948; 4957; 4960; 4985
CLEARING, 244, 16; 50; 139; 155; 161; 274; 278; 284; 356; 367; 386; 399; 403; 422; 427; 428; 487; 514; 548; 589; 592; 611; 614; 617; 618; 625; 689; 697; 737; 783; 800; 803; 812; 818; 819; 821; 829; 842; 846; 857; 866; 884; 892; 894; 920; 953; 960; 967; 1001; 1010; 1035; 1042; 1061; 1098; 1134; 1151; 1188; 1191; 1212; 1220; 1254; 1274; 1312; 1341; 1385; 1386; 1412; 1442; 1488; 1527; 1528; 1539; 1547; 1549; 1559; 1591; 1593; 1616; 1625; 1627; 1662; 1697; 1699; 1713; 1726; 1742; 1913; 1925; 1926; 1928; 1930; 1932; 1990; 2008; 2022; 2032; 2033; 2065; 2066; 2076; 2086; 2097; 2136; 2147; 2151; 2153; 2161; 2215; 2220; 2231; 2240; 2262; 2269; 2337; 2341; 2349; 2382; 2414; 2426; 2469; 2492; 2504; 2528; 2548; 2554; 2557; 2605; 2641; 2663; 2664; 2693; 2702; 2705; 2708; 2739; 2782; 2791; 2793; 2813; 2867; 2877; 2884; 2896; 2907; 2955; 2972; 3014; 3015; 3028; 3033; 3108; 3116; 3118; 3158; 3174; 3200; 3217; 3242; 3304; 3323; 3338; 3351; 3353; 3384; 3389; 3431; 3441; 3481; 3503; 3534; 3547; 3556; 3573; 3589; 3600; 3606; 3618; 3631; 3638; 3674; 3693; 3698; 3710; 3716; 3735; 3774; 3780; 3812; 3819; 3886; 3907; 3910; 3930; 3962; 3963; 3983; 3986; 4003; 4061; 4074; 4121; 4125; 4133; 4137; 4143; 4156; 4164; 4169; 4172; 4196; 4198; 4234; 4268; 4280; 4285; 4290; 4293; 4326; 4338; 4343; 4367; 4406; 4453; 4466; 4476; 4479; 4512; 4518; 4519; 4530; 4576; 4597; 4633; 4654; 4661; 4738; 4741; 4815; 4861; 4898; 4933; 4956; 4970; 4984
CREEK, 666, 14; 39; 43; 50; 62; 81; 86; 88; 95; 99; 117; 121; 129; 130; 131; 143; 150; 152; 178; 182; 195; 199; 202; 256; 259; 281; 286; 294; 296; 303; 307; 308; 313; 314; 320; 333; 354; 355; 376; 401; 402; 405; 427; 441; 463; 464; 477; 487; 498; 504; 505; 515; 528; 532; 534; 536; 543; 544; 547; 552; 554; 573; 585; 590; 613; 614; 625; 633; 643; 645; 653; 655; 659; 664; 675; 682; 683; 709; 710; 733; 734; 736; 738; 750; 753; 756; 757; 760; 780; 785; 789; 800; 810; 812; 822; 826; 830; 844; 854; 855; 858; 859; 860; 861; 869; 873; 879; 883; 904; 905; 914; 923; 924; 928; 943; 946; 949; 956; 960; 962; 985; 986; 993; 1000; 1003; 1023; 1030; 1032; 1035; 1038; 1039; 1041; 1042; 1053; 1057; 1063; 1075; 1078; 1095; 1097; 1103; 1127; 1133; 1157; 1178; 1181; 1183; 1187; 1195; 1219; 1224; 1225; 1227; 1234; 1236; 1237; 1244; 1289; 1291; 1298; 1299; 1309; 1313; 1320; 1321; 1327; 1328; 1329; 1333; 1335; 1336; 1339; 1343; 1347; 1348; 1358; 1363; 1368; 1370; 1378; 1390; 1402; 1414; 1461; 1536; 1539; 1551; 1564; 1574; 1631; 1635; 1655; 1673; 1678; 1688; 1693; 1705; 1738; 1741; 1747; 1750; 1767; 1772; 1773; 1777; 1779; 1787; 1791; 1801; 1802; 1806; 1808; 1830; 1835; 1854; 1859; 1861; 1869; 1872; 1881; 1921; 1924; 1926; 1932; 1943; 1945; 1950; 1954; 1955; 1962; 1971; 1978; 1986; 1988; 1989; 1999; 2009; 2011; 2019; 2028; 2038; 2048; 2050; 2052; 2058; 2060; 2065; 2067; 2068; 2075; 2076; 2079; 2086; 2089; 2092; 2115; 2125; 2127; 2136; 2138; 2139; 2149; 2151; 2152; 2155; 2162; 2169; 2180; 2183; 2189; 2190; 2191; 2197; 2200; 2201; 2202; 2204; 2209; 2219; 2224; 2231; 2237; 2246; 2249; 2250; 2257; 2262; 2265; 2267; 2286; 2293; 2301; 2309; 2322; 2327; 2335; 2338; 2344; 2355; 2373; 2384; 2392; 2395; 2397; 2400; 2411; 2416; 2418; 2434; 2444; 2445; 2455; 2467; 2468; 2469; 2470; 2474; 2477; 2485; 2488; 2493; 2496; 2510; 2512; 2517; 2528; 2536; 2542; 2551; 2554; 2559; 2563; 2579; 2580; 2585; 2586; 2587; 2596; 2613; 2614; 2619; 2640; 2653; 2671; 2674; 2681; 2689; 2691; 2695; 2697; 2700; 2709; 2710; 2714; 2715; 2716; 2717; 2729; 2733; 2741; 2742; 2754; 2755; 2759; 2766; 2768; 2772; 2777; 2779; 2785; 2793; 2798; 2804; 2807; 2813; 2823; 2827; 2830; 2860; 2863; 2866; 2874; 2886; 2893; 2894; 2926; 2933; 2948; 2966; 2969; 3006; 3022; 3025; 3046; 3051; 3059; 3068; 3070; 3074; 3078; 3079; 3082; 3090; 3093; 3102; 3117; 3124; 3138; 3143; 3145; 3150; 3153; 3161; 3194; 3196; 3197; 3227; 3229; 3233; 3249; 3256; 3261; 3265; 3269; 3276; 3281; 3290; 3292; 3306; 3353; 3355; 3368; 3429; 3431; 3437; 3441; 3444; 3458; 3466; 3467; 3474; 3477; 3478; 3480; 3489; 3491; 3506; 3510; 3513; 3518; 3519; 3527; 3528; 3529; 3531; 3536; 3544; 3573; 3592; 3599; 3609; 3615; 3626; 3629; 3632; 3636; 3641; 3646; 3652; 3658; 3660; 3661; 3662; 3663; 3666; 3671; 3673; 3697; 3698; 3701; 3709; 3735; 3736; 3739; 3754; 3755; 3758; 3761; 3766; 3769; 3779; 3786; 3788; 3789; 3792; 3797; 3798; 3800; 3805; 3819; 3820; 3825; 3826; 3831; 3833; 3849; 3868; 3876; 3881; 3885; 3891; 3895; 3899; 3900; 3904; 3909; 3920; 3922; 3923; 3924; 3932; 3934; 3936; 3951; 3955; 3982; 3984; 3986; 3988; 3997; 4002; 4034; 4037; 4046; 4052; 4077; 4091; 4107; 4109; 4113; 4121; 4142; 4145; 4150; 4181; 4182; 4194; 4213; 4214; 4215; 4222; 4250; 4266; 4271; 4277; 4283; 4289; 4298; 4324; 4326; 4329; 4356; 4358; 4360; 4362; 4370; 4371; 4375; 4392; 4395; 4396; 4400; 4405; 4418; 4420; 4432; 4445; 4457; 4458; 4465; 4466; 4469; 4473; 4485; 4488; 4489; 4497; 4498; 4510; 4522; 4532; 4537; 4548; 4550; 4554; 4555; 4556; 4558; 4563; 4576; 4580; 4582; 4590; 4595; 4599; 4605; 4617; 4632; 4646; 4649; 4655; 4656; 4658; 4662; 4665; 4689; 4694; 4704; 4705; 4708; 4714; 4719; 4726; 4727; 4728; 4746; 4747; 4749; 4760; 4770; 4772; 4775; 4785; 4800; 4812; 4814; 4843; 4844; 4860; 4861; 4879; 4883; 4884; 4895; 4898; 4905; 4910; 4911; 4917; 4920; 4925; 4932; 4943; 4957; 4958; 4961; 4962; 4966; 4969; 4971; 4972; 4980; 4985; 4987; 4999; 5003
ELM, 3, 365; 3306; 4572
FIELD, 473, 2; 3; 60; 70; 78; 99; 108; 123; 146; 156; 165; 173; 175; 176; 180; 200; 243; 245; 252; 276; 294; 298; 303; 304; 308; 311; 313; 325; 326; 338; 363; 364; 373; 375; 376; 377; 400; 401; 414; 417; 418; 421; 426; 427; 444; 445; 447; 462; 463; 464; 477; 483; 487; 488; 490; 492; 501; 502; 507; 510; 514; 536; 547; 554; 558; 564; 567; 592; 597; 598; 599; 601; 609; 620; 622; 623; 628; 645; 658; 663; 665; 679; 685; 705; 708; 710; 711; 712; 716; 732; 776; 785; 791; 792; 810; 811; 827; 851; 905; 906; 923; 936; 955; 970; 972; 975; 977; 978; 983; 1008; 1028; 1078; 1079; 1086; 1091; 1097; 1099; 1109; 1122; 1123; 1127; 1129; 1131; 1147; 1148; 1149; 1152; 1155; 1156; 1182; 1186; 1195; 1206; 1207; 1227; 1236; 1241; 1244; 1269; 1270; 1274; 1276; 1287; 1289; 1297; 1302; 1304; 1308; 1316; 1362; 1394; 1412; 1413; 1438; 1460; 1470; 1472; 1473; 1477; 1494; 1495; 1511; 1531; 1541; 1542; 1550; 1555; 1557; 1562; 1563; 1570; 1583; 1593; 1604; 1621; 1624; 1658; 1660; 1682; 1689; 1704; 1706; 1730; 1735; 1741; 1744; 1756; 1764; 1767; 1773; 1779; 1782; 1783; 1784; 1789; 1798; 1800; 1810; 1818; 1821; 1822; 1824; 1832; 1834; 1836; 1838; 1854; 1858; 1865; 1890; 1922; 1926; 1936; 1938; 1939; 1949; 1959; 1965; 1980; 1982; 1991; 1996; 2001; 2004; 2006; 2023; 2027; 2028; 2051; 2083; 2089; 2104; 2128; 2134; 2137; 2170; 2188; 2191; 2193; 2200; 2206; 2219; 2281; 2296; 2311; 2333; 2343; 2352; 2354; 2359; 2373; 2392; 2423; 2429; 2441; 2446; 2467; 2474; 2494; 2495; 2500; 2517; 2526; 2533; 2599; 2605; 2614; 2618; 2658; 2661; 2667; 2672; 2674; 2682; 2684; 2705; 2741; 2753; 2754; 2755; 2779; 2786; 2805; 2836; 2866; 2910; 2911; 2916; 2933; 2938; 2966; 2975; 2985; 2989; 2991; 3006; 3010; 3012; 3023; 3024; 3047; 3053; 3067; 3069; 3075; 3093; 3103; 3114; 3146; 3148; 3193; 3202; 3206; 3220; 3236; 3266; 3269; 3297; 3313; 3318; 3338; 3347; 3350; 3376; 3384; 3414; 3417; 3512; 3513; 3525; 3528; 3537; 3565; 3592; 3598; 3600; 3605; 3614; 3616; 3622; 3628; 3656; 3696; 3702; 3703; 3728; 3735; 3755; 3784; 3802; 3835; 3868; 3878; 3906; 3912; 3938; 3943; 3964; 3966; 3968; 3970; 3984; 3986; 4001; 4022; 4024; 4026; 4057; 4093; 4096; 4098; 4099; 4156; 4172; 4176; 4188; 4189; 4224; 4280; 4312; 4325; 4328; 4332; 4337; 4350; 4358; 4360; 4362; 4392; 4409; 4411; 4439; 4441; 4443; 4447; 4449; 4453; 4456; 4484; 4572; 4575; 4582; 4584; 4591; 4603; 4606; 4608; 4615; 4620; 4625; 4637; 4643; 4650; 4651; 4655; 4658; 4659; 4660; 4663; 4666; 4668; 4679; 4681; 4688; 4694; 4696; 4699; 4700; 4701; 4703; 4708; 4711; 4713; 4715; 4718; 4723; 4732; 4734; 4735; 4736; 4744; 4750; 4758; 4772; 4773; 4781; 4785; 4800; 4804; 4808; 4811; 4820; 4829; 4832; 4839; 4858; 4860; 4885; 4886; 4888; 4895; 4901; 4939; 4945; 4947; 4948; 4957; 4980; 4981; 4993; 4996; 5002; 5013
FOREST, 771, 11; 14; 16; 26; 29; 45; 50; 68; 70; 75; 78; 82; 105; 108; 114; 117; 121; 127; 130; 131; 132; 133; 140; 143; 153; 160; 163; 176; 190; 191; 199; 205; 215; 219; 222; 237; 243; 246; 251; 252; 256; 273; 274; 283; 286; 291; 293; 295; 296; 299; 302; 303; 326; 335; 341; 351; 356; 358; 370; 373; 381; 387; 412; 414; 448; 449; 451; 464; 493; 509; 514; 517; 523; 529; 538; 556; 557; 558; 587; 594; 625; 658; 676; 701; 706; 707; 727; 736; 749; 756; 757; 767; 774; 775; 776; 778; 792; 794; 796; 805; 806; 829; 830; 831; 838; 843; 854; 857; 860; 865; 876; 885; 886; 887; 888; 894; 896; 897; 903; 905; 914; 921; 930; 932; 933; 936; 937; 941; 945; 948; 959; 960; 962; 971; 981; 989; 990; 995; 997; 998; 1007; 1010; 1014; 1016; 1020; 1028; 1030; 1032; 1033; 1035; 1036; 1040; 1041; 1042; 1045; 1048; 1049; 1050; 1058; 1069; 1076; 1080; 1087; 1100; 1110; 1125; 1127; 1131; 1144; 1149; 1153; 1157; 1167; 1178; 1193; 1198; 1205; 1217; 1241; 1261; 1287; 1298; 1299; 1308; 1310; 1315; 1318; 1329; 1333; 1336; 1341; 1342; 1345; 1347; 1350; 1351; 1355; 1363; 1364; 1366; 1369; 1371; 1379; 1382; 1387; 1389; 1398; 1408; 1417; 1421; 1425; 1427; 1432; 1448; 1451; 1452; 1457; 1458; 1468; 1471; 1474; 1477; 1497; 1502; 1506; 1527; 1528; 1540; 1547; 1549; 1557; 1564; 1590; 1595; 1596; 1605; 1615; 1616; 1624; 1629; 1636; 1645; 1657; 1661; 1667; 1673; 1686; 1688; 1692; 1697; 1698; 1699; 1707; 1723; 1726; 1753; 1759; 1774; 1777; 1800; 1803; 1830; 1831; 1833; 1836; 1860; 1875; 1882; 1883; 1886; 1906; 1908; 1909; 1918; 1921; 1927; 1929; 1933; 1935; 1945; 1950; 1973; 1979; 1983; 1990; 2002; 2016; 2017; 2030; 2038; 2039; 2040; 2062; 2063; 2064; 2065; 2066; 2076; 2103; 2104; 2107; 2108; 2109; 2112; 2114; 2153; 2154; 2167; 2169; 2171; 2203; 2210; 2227; 2232; 2235; 2244; 2258; 2264; 2268; 2276; 2282; 2288; 2292; 2299; 2308; 2319; 2321; 2329; 2348; 2349; 2351; 2355; 2357; 2360; 2363; 2380; 2381; 2386; 2401; 2404; 2407; 2414; 2429; 2431; 2455; 2457; 2462; 2464; 2472; 2473; 2476; 2478; 2486; 2487; 2488; 2494; 2497; 2499; 2500; 2511; 2512; 2519; 2521; 2529; 2531; 2539; 2540; 2542; 2544; 2545; 2550; 2554; 2563; 2564; 2567; 2570; 2573; 2579; 2580; 2587; 2588; 2591; 2609; 2617; 2625; 2626; 2646; 2653; 2657; 2663; 2686; 2690; 2693; 2697; 2705; 2707; 2708; 2709; 2717; 2719; 2730; 2732; 2733; 2734; 2736; 2737; 2743; 2745; 2750; 2752; 2758; 2759; 2760; 2763; 2775; 2783; 2787; 2794; 2804; 2814; 2819; 2825; 2837; 2838; 2846; 2850; 2858; 2861; 2862; 2863; 2864; 2873; 2875; 2887; 2894; 2896; 2905; 2916; 2919; 2930; 2932; 2937; 2939; 2940; 2945; 2961; 2967; 2971; 2972; 2980; 2985; 3002; 3014; 3021; 3025; 3030; 3032; 3035; 3047; 3056; 3060; 3068; 3087; 3101; 3112; 3116; 3122; 3126; 3132; 3135; 3141; 3144; 3149; 3173; 3174; 3179; 3180; 3183; 3193; 3194; 3196; 3228; 3243; 3244; 3245; 3249; 3250; 3263; 3266; 3274; 3285; 3306; 3317; 3318; 3324; 3331; 3345; 3346; 3348; 3353; 3356; 3357; 3368; 3373; 3382; 3383; 3386; 3388; 3389; 3390; 3392; 3394; 3400; 3401; 3402; 3403; 3404; 3411; 3435; 3449; 3452; 3462; 3463; 3464; 3468; 3470; 3473; 3480; 3488; 3496; 3506; 3508; 3509; 3512; 3513; 3519; 3525; 3526; 3531; 3543; 3549; 3553; 3554; 3556; 3562; 3564; 3568; 3572; 3578; 3583; 3587; 3592; 3594; 3597; 3602; 3604; 3605; 3606; 3608; 3614; 3622; 3626; 3629; 3636; 3638; 3639; 3642; 3644; 3647; 3652; 3653; 3655; 3656; 3657; 3658; 3660; 3663; 3671; 3679; 3682; 3686; 3691; 3692; 3697; 3698; 3708; 3709; 3710; 3713; 3725; 3730; 3734; 3735; 3737; 3738; 3747; 3752; 3753; 3755; 3756; 3757; 3766; 3767; 3787; 3792; 3795; 3798; 3799; 3806; 3811; 3813; 3814; 3821; 3825; 3826; 3827; 3832; 3833; 3835; 3836; 3837; 3838; 3841; 3855; 3857; 3858; 3864; 3865; 3871; 3873; 3877; 3880; 3898; 3905; 3907; 3910; 3916; 3922; 3924; 3925; 3926; 3928; 3933; 3936; 3942; 3951; 3953; 3961; 3963; 3969; 3977; 3984; 3985; 3986; 3987; 3988; 3992; 4002; 4003; 4008; 4050; 4051; 4091; 4096; 4100; 4102; 4112; 4113; 4114; 4123; 4125; 4126; 4134; 4142; 4151; 4154; 4155; 4158; 4159; 4160; 4163; 4166; 4167; 4168; 4198; 4217; 4232; 4255; 4285; 4293; 4301; 4305; 4321; 4324; 4367; 4370; 4374; 4384; 4397; 4452; 4453; 4456; 4457; 4463; 4468; 4472; 4473; 4476; 4479; 4482; 4483; 4489; 4494; 4496; 4497; 4512; 4518; 4519; 4521; 4522; 4527; 4530; 4533; 4535; 4537; 4538; 4540; 4541; 4550; 4555; 4572; 4574; 4576; 4598; 4658; 4662; 4673; 4710; 4720; 4740; 4742; 4743; 4756; 4772; 4775; 4780; 4786; 4788; 4789; 4790; 4792; 4793; 4794; 4795; 4808; 4811; 4814; 4817; 4819; 4820; 4821; 4822; 4828; 4854; 4882; 4915; 4942; 4945; 4953; 4997; 5005
GROVE, 38, 3; 284; 409; 532; 712; 792; 897; 1106; 1580; 2119; 2237; 2238; 2240; 2708; 2858; 3069; 3350; 3384; 3503; 3547; 3647; 3801; 3812; 3884; 3886; 3890; 3893; 4006; 4028; 4045; 4225; 4522; 4608; 4789; 4791; 4839; 4884; 4926
LAKE, 657, 7; 14; 22; 26; 58; 128; 173; 202; 228; 230; 237; 239; 284; 299; 303; 304; 305; 308; 311; 328; 340; 342; 343; 344; 346; 347; 349; 357; 358; 359; 362; 369; 371; 377; 381; 387; 389; 391; 397; 400; 437; 446; 461; 467; 470; 474; 476; 486; 490; 504; 507; 511; 515; 519; 520; 523; 529; 539; 568; 570; 573; 575; 579; 584; 585; 587; 612; 621; 622; 624; 633; 647; 649; 665; 670; 673; 701; 723; 724; 734; 737; 753; 758; 761; 767; 770; 784; 787; 794; 805; 809; 815; 819; 824; 828; 833; 837; 849; 855; 856; 860; 867; 879; 885; 888; 893; 898; 900; 918; 921; 922; 953; 960; 961; 977; 997; 1042; 1046; 1051; 1053; 1054; 1056; 1069; 1084; 1138; 1139; 1144; 1167; 1175; 1183; 1215; 1236; 1249; 1250; 1285; 1299; 1322; 1329; 1331; 1336; 1337; 1346; 1355; 1363; 1379; 1381; 1384; 1385; 1395; 1421; 1432; 1434; 1442; 1446; 1449; 1451; 1452; 1454; 1455; 1456; 1467; 1471; 1474; 1479; 1484; 1485; 1487; 1490; 1493; 1498; 1502; 1504; 1524; 1536; 1540; 1543; 1544; 1546; 1547; 1552; 1570; 1591; 1596; 1603; 1608; 1626; 1627; 1628; 1633; 1634; 1639; 1641; 1645; 1653; 1655; 1657; 1663; 1667; 1672; 1674; 1680; 1681; 1693; 1697; 1698; 1701; 1713; 1715; 1717; 1724; 1726; 1759; 1780; 1781; 1786; 1792; 1793; 1796; 1803; 1805; 1809; 1814; 1828; 1841; 1858; 1862; 1878; 1883; 1898; 1901; 1903; 1918; 1928; 1936; 2005; 2014; 2015; 2016; 2018; 2022; 2032; 2034; 2036; 2037; 2038; 2057; 2063; 2075; 2077; 2125; 2142; 2146; 2147; 2149; 2157; 2169; 2177; 2180; 2186; 2187; 2188; 2192; 2193; 2194; 2196; 2203; 2207; 2209; 2213; 2215; 2217; 2228; 2232; 2234; 2242; 2246; 2250; 2254; 2262; 2265; 2269; 2276; 2282; 2286; 2287; 2315; 2326; 2328; 2379; 2386; 2400; 2404; 2408; 2419; 2424; 2439; 2440; 2449; 2450; 2453; 2455; 2461; 2462; 2469; 2475; 2479; 2487; 2491; 2492; 2495; 2496; 2498; 2502; 2515; 2517; 2543; 2548; 2560; 2568; 2573; 2575; 2576; 2578; 2579; 2585; 2586; 2590; 2602; 2607; 2610; 2616; 2623; 2626; 2628; 2630; 2633; 2639; 2660; 2663; 2664; 2668; 2678; 2687; 2689; 2697; 2698; 2704; 2705; 2707; 2709; 2710; 2715; 2717; 2718; 2719; 2720; 2724; 2728; 2731; 2732; 2733; 2737; 2742; 2746; 2754; 2757; 2761; 2767; 2775; 2776; 2789; 2806; 2812; 2816; 2817; 2843; 2850; 2853; 2854; 2859; 2868; 2878; 2880; 2884; 2888; 2893; 2896; 2898; 2919; 2921; 2928; 2929; 2931; 2932; 2936; 2944; 2948; 2949; 2952; 2956; 2967; 2970; 2971; 2982; 2984; 2995; 3007; 3048; 3087; 3092; 3115; 3125; 3139; 3148; 3153; 3154; 3156; 3163; 3165; 3168; 3205; 3206; 3217; 3225; 3226; 3244; 3245; 3250; 3264; 3268; 3277; 3301; 3308; 3318; 3322; 3323; 3344; 3345; 3364; 3372; 3378; 3379; 3380; 3383; 3385; 3386; 3387; 3389; 3392; 3395; 3397; 3408; 3415; 3419; 3423; 3429; 3432; 3448; 3455; 3456; 3458; 3459; 3460; 3461; 3467; 3470; 3474; 3475; 3477; 3478; 3488; 3492; 3493; 3495; 3496; 3498; 3503; 3506; 3507; 3509; 3513; 3531; 3541; 3543; 3560; 3564; 3565; 3584; 3592; 3600; 3608; 3612; 3613; 3618; 3621; 3652; 3657; 3662; 3663; 3674; 3675; 3676; 3700; 3702; 3706; 3718; 3722; 3725; 3727; 3730; 3732; 3738; 3740; 3749; 3750; 3758; 3764; 3775; 3777; 3782; 3791; 3794; 3803; 3806; 3808; 3809; 3811; 3817; 3818; 3841; 3851; 3852; 3855; 3857; 3859; 3862; 3863; 3867; 3868; 3869; 3870; 3875; 3876; 3877; 3881; 3882; 3883; 3886; 3887; 3888; 3889; 3895; 3898; 3900; 3902; 3907; 3922; 3924; 3925; 3927; 3952; 3953; 3958; 3960; 3969; 3977; 3983; 3995; 4000; 4008; 4025; 4034; 4043; 4050; 4061; 4062; 4073; 4084; 4090; 4112; 4114; 4115; 4119; 4122; 4125; 4126; 4143; 4163; 4184; 4198; 4211; 4225; 4249; 4270; 4275; 4307; 4313; 4320; 4327; 4358; 4390; 4392; 4403; 4411; 4442; 4455; 4472; 4480; 4513; 4515; 4526; 4535; 4538; 4548; 4550; 4557; 4562; 4579; 4590; 4604; 4612; 4617; 4645; 4657; 4662; 4695; 4706; 4719; 4722; 4725; 4729; 4733; 4748; 4753; 4754; 4775; 4800; 4806; 4808; 4812; 4821; 4822; 4825; 4830; 4853; 4868; 4869; 4871; 4886; 4893; 4895; 4909; 4913; 4941; 4969; 4988; 5014
MANGROVE, 2, 4004; 4229
MAPLE, 15, 2; 718; 993; 1575; 1666; 2386; 2439; 2532; 2686; 2906; 3528; 4570; 4572; 4640; 4837
MEADOW, 110, 8; 41; 42; 44; 199; 253; 255; 736; 831; 847; 848; 853; 857; 883; 892; 948; 1100; 1148; 1298; 1324; 1334; 1335; 1336; 1346; 1357; 1786; 2012; 2228; 2229; 2231; 2232; 2233; 2264; 2270; 2271; 2282; 2437; 2597; 2656; 2710; 2740; 2768; 2786; 2787; 2919; 3018; 3087; 3112; 3117; 3168; 3227; 3242; 3388; 3400; 3464; 3466; 3477; 3492; 3525; 3547; 3561; 3564; 3573; 3575; 3581; 3588; 3592; 3595; 3597; 3606; 3614; 3626; 3643; 3652; 3659; 3674; 3682; 3722; 3723; 3740; 3764; 3792; 3805; 3822; 3871; 3876; 3877; 3880; 3884; 3885; 3886; 3887; 3897; 3898; 3899; 3922; 3926; 3935; 3951; 3954; 3958; 3983; 3984; 3988; 4010; 4120; 4253; 4264; 4472; 4844
OAK, 105, 2; 34; 92; 218; 341; 650; 776; 825; 861; 869; 1205; 1209; 1219; 1437; 1479; 1641; 1699; 1756; 1795; 1798; 1830; 1835; 1849; 1854; 1884; 1888; 1894; 1934; 2050; 2058; 2074; 2076; 2085; 2180; 2186; 2187; 2218; 2241; 2312; 2328; 2359; 2382; 2695; 2776; 2782; 2839; 2948; 2966; 2993; 3036; 3142; 3229; 3231; 3307; 3356; 3390; 3394; 3400; 3405; 3420; 3471; 3473; 3485; 3512; 3534; 3565; 3583; 3627; 3656; 3711; 3734; 3750; 3766; 3814; 3994; 4015; 4047; 4068; 4069; 4074; 4075; 4093; 4111; 4133; 4157; 4163; 4182; 4185; 4210; 4226; 4307; 4337; 4359; 4458; 4465; 4570; 4572; 4585; 4596; 4638; 4640; 4659; 4683; 4952; 4997
PARK, 349, 9; 12; 14; 17; 21; 57; 88; 143; 154; 190; 191; 209; 230; 237; 244; 255; 296; 299; 327; 362; 369; 386; 396; 401; 416; 431; 437; 445; 470; 504; 520; 523; 529; 544; 558; 559; 562; 572; 574; 576; 577; 578; 647; 649; 655; 658; 659; 667; 689; 714; 716; 717; 724; 731; 734; 742; 745; 778; 789; 859; 875; 877; 881; 893; 914; 919; 920; 965; 1023; 1032; 1057; 1067; 1083; 1125; 1131; 1138; 1139; 1144; 1166; 1179; 1210; 1211; 1225; 1236; 1250; 1311; 1317; 1335; 1339; 1347; 1354; 1360; 1364; 1370; 1373; 1392; 1403; 1405; 1408; 1412; 1427; 1437; 1484; 1489; 1543; 1684; 1685; 1688; 1699; 1720; 1739; 1756; 1791; 1828; 1833; 1835; 1840; 1851; 1858; 1875; 1904; 1907; 1909; 1923; 1942; 1971; 1973; 1993; 2005; 2014; 2031; 2032; 2043; 2066; 2141; 2161; 2203; 2210; 2225; 2228; 2231; 2242; 2245; 2247; 2251; 2254; 2270; 2316; 2334; 2336; 2375; 2378; 2385; 2412; 2424; 2437; 2439; 2441; 2455; 2499; 2521; 2546; 2557; 2568; 2572; 2573; 2604; 2626; 2642; 2643; 2648; 2682; 2693; 2757; 2759; 2775; 2789; 2791; 2813; 2817; 2822; 2836; 2845; 2853; 2896; 2900; 2907; 2923; 2932; 2946; 2952; 2966; 2978; 2993; 3006; 3039; 3043; 3117; 3121; 3122; 3163; 3170; 3177; 3187; 3198; 3199; 3201; 3202; 3203; 3204; 3205; 3206; 3207; 3215; 3217; 3224; 3234; 3240; 3254; 3413; 3422; 3463; 3471; 3491; 3494; 3496; 3497; 3533; 3534; 3553; 3558; 3565; 3569; 3570; 3580; 3583; 3590; 3621; 3626; 3644; 3646; 3649; 3653; 3656; 3664; 3667; 3671; 3679; 3692; 3702; 3710; 3713; 3724; 3729; 3745; 3750; 3758; 3773; 3786; 3799; 3814; 3843; 3852; 3859; 3860; 3864; 3865; 3876; 3924; 3928; 3935; 3937; 3939; 3950; 3960; 3961; 3979; 3992; 3993; 4025; 4038; 4043; 4056; 4063; 4065; 4078; 4085; 4095; 4120; 4147; 4156; 4169; 4171; 4173; 4176; 4217; 4229; 4231; 4247; 4249; 4252; 4263; 4290; 4297; 4316; 4356; 4370; 4392; 4396; 4413; 4418; 4440; 4452; 4480; 4504; 4564; 4565; 4573; 4588; 4595; 4599; 4600; 4614; 4616; 4657; 4677; 4684; 4719; 4722; 4756; 4775; 4776; 4789; 4792; 4799; 4809; 4811; 4812; 4814; 4824; 4825; 4877; 4878; 4881; 4892; 4915; 4949; 4969; 5000
PINE, 274, 2; 3; 14; 26; 34; 39; 44; 45; 69; 87; 110; 112; 123; 173; 180; 190; 191; 202; 215; 218; 219; 220; 221; 256; 283; 284; 287; 291; 293; 295; 296; 299; 303; 305; 307; 343; 371; 381; 407; 409; 422; 427; 472; 533; 643; 675; 712; 719; 749; 767; 774; 776; 795; 842; 873; 885; 960; 969; 973; 1001; 1041; 1047; 1052; 1095; 1132; 1135; 1157; 1205; 1223; 1226; 1231; 1232; 1241; 1261; 1292; 1298; 1374; 1416; 1421; 1432; 1453; 1455; 1458; 1475; 1489; 1500; 1529; 1547; 1558; 1572; 1608; 1632; 1649; 1660; 1714; 1772; 1830; 1833; 1854; 1872; 1918; 1962; 2016; 2038; 2040; 2060; 2076; 2081; 2082; 2096; 2098; 2102; 2109; 2115; 2147; 2153; 2155; 2218; 2221; 2231; 2262; 2271; 2289; 2313; 2338; 2375; 2431; 2459; 2469; 2495; 2511; 2515; 2580; 2624; 2640; 2649; 2656; 2686; 2705; 2708; 2730; 2733; 2738; 2801; 2825; 2971; 3005; 3015; 3020; 3035; 3075; 3101; 3108; 3116; 3134; 3141; 3142; 3148; 3149; 3153; 3189; 3196; 3231; 3239; 3250; 3263; 3275; 3308; 3327; 3353; 3354; 3376; 3379; 3390; 3394; 3399; 3400; 3402; 3408; 3421; 3434; 3446; 3447; 3479; 3488; 3496; 3509; 3517; 3541; 3547; 3549; 3587; 3597; 3604; 3618; 3627; 3632; 3675; 3731; 3747; 3766; 3783; 3805; 3807; 3811; 3812; 3835; 3858; 3859; 3860; 3867; 3868; 3870; 3873; 3886; 3893; 3907; 3915; 3920; 3930; 3933; 3936; 3951; 3978; 3984; 4000; 4002; 4003; 4034; 4042; 4052; 4070; 4078; 4080; 4093; 4109; 4120; 4125; 4156; 4165; 4166; 4173; 4182; 4208; 4231; 4247; 4248; 4249; 4251; 4255; 4257; 4321; 4353; 4370; 4392; 4397; 4463; 4481; 4497; 4515; 4556; 4559; 4608; 4736; 4774; 4812; 4824; 4926; 4937; 4945; 4947; 4972; 4994; 4997
PLAINS, 3, 181; 371; 3035
PLANTATION, 3, 1495; 4085; 4281
REDWOOD, 17, 881; 2511; 3153; 3471; 3473; 3639; 3651; 3653; 3661; 3664; 3667; 3710; 3711; 3713; 3832; 4034; 4184
RIVER, 692, 0; 1; 9; 11; 13; 21; 37; 40; 46; 55; 63; 72; 73; 77; 78; 87; 92; 93; 95; 98; 115; 118; 150; 152; 153; 165; 167; 181; 204; 215; 221; 243; 256; 267; 277; 279; 280; 281; 287; 289; 386; 403; 405; 452; 468; 470; 474; 486; 487; 491; 494; 495; 501; 511; 517; 548; 551; 553; 557; 600; 618; 620; 625; 635; 645; 651; 666; 673; 685; 689; 692; 712; 714; 717; 723; 725; 734; 736; 745; 755; 772; 782; 787; 794; 803; 804; 817; 818; 829; 831; 832; 844; 850; 851; 852; 859; 860; 869; 871; 881; 892; 905; 916; 918; 920; 921; 923; 926; 928; 939; 946; 957; 958; 985; 993; 995; 1000; 1003; 1007; 1009; 1010; 1016; 1022; 1034; 1047; 1059; 1069; 1079; 1082; 1083; 1087; 1133; 1134; 1153; 1170; 1175; 1194; 1197; 1209; 1219; 1227; 1247; 1271; 1273; 1276; 1285; 1310; 1315; 1324; 1325; 1326; 1336; 1343; 1354; 1356; 1360; 1363; 1368; 1369; 1376; 1389; 1392; 1393; 1394; 1400; 1421; 1427; 1432; 1453; 1458; 1467; 1484; 1487; 1490; 1491; 1507; 1508; 1510; 1532; 1537; 1555; 1561; 1595; 1609; 1614; 1615; 1624; 1625; 1641; 1647; 1651; 1652; 1655; 1676; 1677; 1687; 1689; 1694; 1727; 1728; 1729; 1733; 1735; 1750; 1751; 1752; 1762; 1769; 1771; 1784; 1794; 1795; 1806; 1808; 1817; 1826; 1827; 1829; 1833; 1836; 1837; 1839; 1842; 1844; 1852; 1864; 1865; 1866; 1880; 1881; 1884; 1890; 1893; 1898; 1901; 1912; 1913; 1917; 1929; 1939; 1943; 1946; 1949; 1952; 1957; 1958; 1961; 1974; 1980; 1984; 1988; 1995; 1998; 2034; 2040; 2041; 2059; 2064; 2073; 2074; 2076; 2077; 2085; 2087; 2091; 2092; 2096; 2110; 2118; 2119; 2122; 2123; 2124; 2130; 2139; 2143; 2155; 2156; 2157; 2164; 2168; 2185; 2190; 2192; 2193; 2200; 2202; 2211; 2213; 2219; 2223; 2228; 2245; 2248; 2250; 2258; 2259; 2279; 2297; 2298; 2328; 2334; 2340; 2368; 2376; 2393; 2395; 2403; 2414; 2416; 2420; 2421; 2437; 2444; 2447; 2478; 2482; 2483; 2484; 2485; 2499; 2517; 2519; 2528; 2535; 2545; 2546; 2551; 2553; 2554; 2555; 2556; 2573; 2574; 2583; 2591; 2611; 2614; 2617; 2619; 2621; 2629; 2636; 2643; 2661; 2667; 2683; 2684; 2686; 2688; 2691; 2694; 2699; 2700; 2702; 2716; 2728; 2729; 2731; 2733; 2756; 2759; 2760; 2763; 2774; 2776; 2777; 2779; 2781; 2783; 2784; 2787; 2788; 2791; 2802; 2804; 2808; 2813; 2822; 2826; 2827; 2830; 2831; 2837; 2843; 2845; 2853; 2854; 2855; 2861; 2867; 2868; 2871; 2875; 2877; 2885; 2890; 2894; 2896; 2899; 2907; 2923; 2935; 2939; 2952; 2990; 2999; 3005; 3011; 3014; 3022; 3024; 3028; 3030; 3048; 3049; 3050; 3052; 3064; 3069; 3075; 3082; 3090; 3094; 3112; 3115; 3120; 3125; 3129; 3137; 3148; 3163; 3200; 3208; 3216; 3218; 3230; 3238; 3240; 3242; 3249; 3257; 3271; 3272; 3279; 3282; 3285; 3294; 3311; 3314; 3322; 3323; 3325; 3337; 3338; 3355; 3368; 3414; 3424; 3435; 3441; 3453; 3462; 3474; 3498; 3506; 3507; 3512; 3513; 3514; 3519; 3521; 3523; 3526; 3527; 3529; 3539; 3549; 3550; 3554; 3556; 3558; 3561; 3562; 3564; 3567; 3568; 3583; 3598; 3602; 3603; 3604; 3609; 3611; 3613; 3632; 3633; 3634; 3636; 3637; 3641; 3644; 3647; 3649; 3651; 3656; 3662; 3664; 3665; 3671; 3680; 3693; 3703; 3708; 3709; 3710; 3721; 3722; 3744; 3748; 3750; 3751; 3752; 3753; 3763; 3767; 3792; 3807; 3814; 3819; 3827; 3835; 3837; 3842; 3843; 3847; 3849; 3850; 3857; 3858; 3873; 3875; 3878; 3881; 3883; 3894; 3906; 3907; 3908; 3911; 3953; 3960; 3961; 3985; 3988; 3994; 3996; 4005; 4009; 4012; 4013; 4035; 4042; 4052; 4065; 4078; 4094; 4100; 4121; 4125; 4134; 4156; 4163; 4178; 4183; 4184; 4186; 4193; 4201; 4229; 4233; 4239; 4253; 4259; 4261; 4263; 4265; 4267; 4275; 4290; 4291; 4303; 4307; 4338; 4352; 4360; 4371; 4384; 4406; 4410; 4413; 4419; 4435; 4440; 4447; 4448; 4451; 4452; 4456; 4463; 4466; 4469; 4471; 4475; 4487; 4488; 4491; 4492; 4496; 4497; 4499; 4502; 4504; 4505; 4516; 4521; 4533; 4538; 4546; 4547; 4549; 4551; 4554; 4560; 4565; 4570; 4571; 4575; 4578; 4585; 4594; 4596; 4612; 4614; 4621; 4662; 4665; 4670; 4671; 4676; 4679; 4683; 4684; 4688; 4712; 4717; 4718; 4723; 4741; 4750; 4757; 4759; 4769; 4783; 4786; 4807; 4808; 4816; 4842; 4843; 4844; 4855; 4860; 4862; 4870; 4872; 4874; 4889; 4891; 4892; 4906; 4908; 4930; 4934; 4935; 4944; 4957; 4958; 4966; 4987; 5005; 5018
SHRUB, 6, 1470; 1579; 2258; 2486; 2869; 4988
STREAM, 166, 3; 22; 37; 88; 95; 203; 204; 219; 229; 296; 314; 319; 357; 367; 414; 474; 600; 675; 738; 753; 798; 814; 831; 867; 945; 946; 961; 988; 1008; 1044; 1047; 1075; 1076; 1147; 1159; 1220; 1273; 1299; 1328; 1337; 1368; 1381; 1392; 1403; 1458; 1470; 1481; 1487; 1564; 1592; 1692; 1697; 1760; 1784; 1795; 1833; 1888; 1905; 1926; 2087; 2203; 2228; 2229; 2258; 2264; 2270; 2282; 2284; 2302; 2306; 2323; 2411; 2437; 2445; 2485; 2512; 2528; 2557; 2602; 2604; 2606; 2675; 2688; 2711; 2741; 2755; 2759; 2784; 2798; 2850; 2858; 2926; 2960; 2965; 3003; 3006; 3025; 3035; 3050; 3082; 3118; 3145; 3152; 3201; 3202; 3233; 3244; 3251; 3261; 3331; 3353; 3447; 3463; 3477; 3506; 3550; 3565; 3568; 3583; 3587; 3611; 3643; 3649; 3660; 3668; 3697; 3709; 3744; 3754; 3800; 3819; 3835; 3854; 3866; 3868; 3869; 3871; 3898; 3915; 3923; 3928; 3954; 3956; 3971; 4091; 4155; 4267; 4338; 4354; 4359; 4445; 4471; 4579; 4616; 4641; 4767; 4772; 4775; 4843; 4844; 4852; 4863; 4879; 4915; 4961; 4976
SWAMP, 201, 34; 35; 105; 140; 152; 202; 291; 296; 308; 324; 329; 333; 343; 365; 366; 377; 392; 395; 400; 403; 428; 445; 450; 523; 589; 712; 969; 993; 1076; 1080; 1105; 1156; 1183; 1217; 1219; 1262; 1298; 1299; 1375; 1377; 1387; 1394; 1414; 1418; 1429; 1432; 1437; 1438; 1444; 1456; 1476; 1494; 1495; 1523; 1536; 1544; 1545; 1564; 1568; 1570; 1573; 1596; 1599; 1608; 1616; 1625; 1626; 1636; 1638; 1655; 1668; 1670; 1672; 1714; 1716; 1717; 1724; 1845; 1871; 1885; 1889; 1894; 1898; 1913; 2085; 2102; 2125; 2171; 2182; 2246; 2256; 2343; 2375; 2393; 2502; 2576; 2581; 2606; 2612; 2613; 2697; 2709; 2717; 2722; 2726; 2841; 2872; 2891; 2892; 2956; 2960; 2973; 2986; 3011; 3123; 3125; 3128; 3129; 3137; 3142; 3147; 3148; 3154; 3158; 3166; 3279; 3282; 3303; 3304; 3880; 3974; 3994; 4003; 4006; 4010; 4014; 4015; 4025; 4026; 4032; 4037; 4039; 4040; 4042; 4043; 4044; 4047; 4067; 4068; 4069; 4077; 4099; 4113; 4118; 4120; 4130; 4134; 4138; 4141; 4164; 4169; 4173; 4175; 4183; 4185; 4193; 4202; 4207; 4210; 4221; 4224; 4226; 4227; 4228; 4231; 4235; 4239; 4253; 4255; 4259; 4277; 4282; 4300; 4302; 4313; 4328; 4336; 4343; 4357; 4360; 4367; 4368; 4370; 4372; 4391; 4404; 4414; 4557; 4835; 4854; 4962
THICKET, 79, 3; 31; 93; 139; 376; 477; 498; 525; 533; 675; 689; 750; 856; 858; 888; 960; 963; 1125; 1128; 1232; 1241; 1273; 1378; 1417; 1552; 1584; 1767; 1788; 1854; 1888; 1906; 1975; 2038; 2044; 2049; 2060; 2065; 2079; 2098; 2155; 2165; 2184; 2201; 2215; 2221; 2246; 2338; 2345; 2422; 2646; 2867; 2875; 2987; 3015; 3020; 3081; 3108; 3117; 3161; 3167; 3316; 3333; 3446; 3766; 3910; 4033; 4099; 4109; 4172; 4243; 4316; 4409; 4683; 4947; 4970; 4983; 4994; 5009; 5012
TREE, 1279, 9; 10; 14; 16; 34; 35; 39; 41; 42; 44; 50; 51; 60; 63; 66; 69; 87; 92; 102; 103; 106; 110; 111; 116; 120; 121; 127; 129; 137; 139; 151; 152; 156; 159; 160; 163; 166; 168; 173; 175; 183; 187; 188; 189; 193; 195; 199; 219; 223; 229; 236; 237; 242; 243; 247; 249; 252; 253; 254; 259; 264; 274; 278; 283; 291; 294; 297; 299; 300; 305; 307; 308; 310; 312; 328; 329; 331; 334; 335; 336; 337; 338; 341; 348; 352; 356; 357; 360; 361; 365; 371; 376; 382; 387; 394; 399; 401; 407; 409; 412; 414; 421; 422; 426; 427; 435; 442; 443; 445; 452; 454; 459; 463; 467; 474; 479; 480; 482; 486; 490; 492; 493; 494; 499; 502; 504; 511; 515; 527; 529; 530; 531; 539; 540; 548; 554; 557; 558; 560; 563; 567; 573; 574; 576; 577; 583; 586; 589; 591; 592; 593; 596; 597; 600; 606; 608; 609; 615; 623; 629; 633; 643; 644; 646; 650; 651; 654; 657; 658; 663; 664; 665; 668; 670; 676; 678; 687; 689; 703; 704; 707; 709; 712; 714; 717; 720; 727; 733; 735; 736; 737; 748; 750; 753; 754; 756; 762; 765; 767; 768; 772; 773; 776; 777; 779; 784; 786; 789; 791; 792; 794; 795; 796; 798; 800; 805; 806; 811; 812; 814; 817; 825; 829; 831; 835; 841; 842; 853; 855; 858; 860; 865; 866; 867; 876; 877; 879; 882; 888; 899; 905; 912; 914; 916; 917; 932; 935; 946; 951; 954; 962; 969; 971; 973; 987; 988; 989; 991; 994; 998; 1000; 1016; 1024; 1028; 1040; 1042; 1043; 1044; 1045; 1053; 1081; 1083; 1086; 1095; 1098; 1099; 1100; 1101; 1107; 1109; 1119; 1122; 1124; 1130; 1134; 1135; 1139; 1141; 1146; 1148; 1150; 1155; 1158; 1163; 1164; 1169; 1172; 1176; 1179; 1180; 1184; 1191; 1193; 1200; 1205; 1209; 1212; 1216; 1226; 1231; 1232; 1234; 1239; 1247; 1254; 1261; 1269; 1271; 1273; 1274; 1278; 1280; 1288; 1291; 1293; 1298; 1300; 1304; 1306; 1307; 1308; 1310; 1312; 1313; 1315; 1317; 1320; 1326; 1328; 1335; 1336; 1337; 1349; 1353; 1354; 1358; 1359; 1364; 1369; 1370; 1375; 1378; 1379; 1383; 1386; 1387; 1395; 1399; 1402; 1409; 1412; 1415; 1417; 1420; 1421; 1431; 1432; 1433; 1437; 1438; 1442; 1444; 1448; 1452; 1456; 1458; 1476; 1483; 1490; 1501; 1503; 1508; 1510; 1511; 1522; 1527; 1529; 1533; 1538; 1543; 1547; 1554; 1557; 1561; 1564; 1572; 1574; 1587; 1596; 1611; 1614; 1615; 1616; 1620; 1626; 1630; 1631; 1633; 1635; 1636; 1642; 1645; 1655; 1658; 1659; 1665; 1673; 1678; 1681; 1685; 1693; 1698; 1700; 1711; 1714; 1727; 1732; 1740; 1745; 1748; 1753; 1756; 1758; 1762; 1769; 1774; 1775; 1779; 1780; 1781; 1784; 1788; 1790; 1793; 1799; 1801; 1802; 1803; 1821; 1824; 1830; 1831; 1835; 1836; 1839; 1842; 1845; 1849; 1854; 1858; 1869; 1872; 1876; 1879; 1884; 1890; 1899; 1906; 1913; 1918; 1921; 1924; 1926; 1930; 1931; 1934; 1938; 1941; 1952; 1958; 1959; 1962; 1966; 1971; 1990; 1998; 2002; 2004; 2008; 2011; 2016; 2020; 2022; 2028; 2032; 2033; 2035; 2036; 2038; 2039; 2040; 2041; 2051; 2057; 2058; 2060; 2064; 2065; 2066; 2067; 2068; 2071; 2074; 2076; 2077; 2080; 2086; 2087; 2088; 2098; 2104; 2105; 2109; 2112; 2114; 2120; 2122; 2124; 2125; 2127; 2134; 2136; 2139; 2141; 2142; 2143; 2147; 2153; 2155; 2159; 2161; 2181; 2184; 2185; 2187; 2188; 2190; 2191; 2195; 2196; 2200; 2201; 2202; 2203; 2206; 2208; 2211; 2215; 2216; 2218; 2220; 2227; 2232; 2236; 2243; 2247; 2258; 2261; 2265; 2270; 2274; 2287; 2294; 2299; 2301; 2308; 2309; 2311; 2312; 2313; 2314; 2323; 2325; 2326; 2328; 2335; 2336; 2337; 2338; 2340; 2345; 2358; 2359; 2362; 2364; 2370; 2376; 2380; 2382; 2383; 2384; 2386; 2387; 2396; 2398; 2400; 2411; 2417; 2421; 2425; 2427; 2428; 2431; 2441; 2444; 2445; 2458; 2459; 2462; 2466; 2469; 2470; 2474; 2475; 2481; 2482; 2484; 2486; 2493; 2494; 2495; 2497; 2498; 2499; 2504; 2505; 2515; 2522; 2523; 2532; 2534; 2535; 2538; 2539; 2544; 2545; 2547; 2548; 2550; 2554; 2556; 2557; 2558; 2564; 2567; 2574; 2577; 2578; 2580; 2582; 2584; 2585; 2586; 2591; 2604; 2607; 2611; 2618; 2619; 2624; 2625; 2627; 2632; 2636; 2637; 2640; 2642; 2646; 2650; 2653; 2654; 2656; 2660; 2662; 2663; 2667; 2674; 2675; 2679; 2685; 2686; 2688; 2689; 2690; 2691; 2692; 2697; 2705; 2706; 2707; 2708; 2711; 2714; 2724; 2725; 2727; 2733; 2739; 2740; 2745; 2752; 2754; 2759; 2760; 2768; 2770; 2774; 2777; 2779; 2782; 2787; 2793; 2802; 2804; 2811; 2812; 2813; 2830; 2832; 2835; 2837; 2840; 2847; 2851; 2853; 2862; 2864; 2877; 2883; 2884; 2888; 2891; 2899; 2906; 2908; 2910; 2915; 2917; 2919; 2923; 2925; 2931; 2932; 2936; 2938; 2940; 2941; 2946; 2960; 2963; 2969; 2974; 2976; 2980; 2981; 2982; 2987; 2992; 2994; 2996; 2997; 3003; 3017; 3021; 3028; 3031; 3032; 3035; 3036; 3041; 3042; 3045; 3046; 3048; 3049; 3055; 3065; 3069; 3086; 3087; 3091; 3094; 3103; 3110; 3114; 3115; 3116; 3117; 3120; 3122; 3123; 3130; 3134; 3142; 3143; 3144; 3148; 3149; 3157; 3163; 3164; 3165; 3168; 3177; 3181; 3189; 3193; 3197; 3200; 3215; 3218; 3224; 3225; 3230; 3233; 3242; 3259; 3260; 3261; 3266; 3267; 3268; 3273; 3274; 3275; 3279; 3282; 3286; 3290; 3292; 3298; 3301; 3306; 3307; 3308; 3310; 3317; 3319; 3324; 3329; 3330; 3338; 3342; 3350; 3352; 3357; 3368; 3386; 3389; 3390; 3397; 3411; 3414; 3421; 3429; 3438; 3447; 3448; 3449; 3451; 3456; 3464; 3468; 3469; 3471; 3473; 3480; 3493; 3496; 3504; 3505; 3506; 3507; 3517; 3523; 3525; 3528; 3531; 3534; 3541; 3547; 3549; 3551; 3553; 3560; 3563; 3575; 3583; 3586; 3587; 3588; 3593; 3597; 3606; 3623; 3625; 3626; 3632; 3642; 3643; 3652; 3656; 3658; 3662; 3665; 3666; 3667; 3671; 3684; 3686; 3697; 3709; 3710; 3713; 3716; 3718; 3731; 3740; 3744; 3747; 3748; 3750; 3752; 3754; 3758; 3766; 3767; 3779; 3780; 3781; 3783; 3791; 3793; 3794; 3803; 3805; 3812; 3813; 3814; 3815; 3817; 3819; 3831; 3833; 3835; 3845; 3848; 3849; 3854; 3868; 3869; 3873; 3876; 3886; 3888; 3893; 3901; 3910; 3921; 3923; 3924; 3931; 3942; 3954; 3958; 3963; 3977; 3979; 3984; 3989; 3992; 3994; 3997; 3998; 4002; 4003; 4006; 4011; 4012; 4016; 4017; 4020; 4025; 4026; 4029; 4030; 4036; 4041; 4042; 4043; 4051; 4052; 4054; 4060; 4061; 4062; 4070; 4072; 4078; 4084; 4089; 4092; 4093; 4094; 4101; 4107; 4109; 4111; 4113; 4118; 4122; 4123; 4125; 4134; 4137; 4142; 4143; 4148; 4156; 4159; 4163; 4164; 4165; 4166; 4175; 4176; 4179; 4181; 4182; 4183; 4184; 4185; 4192; 4194; 4196; 4207; 4218; 4221; 4222; 4223; 4241; 4242; 4247; 4248; 4249; 4250; 4251; 4252; 4254; 4255; 4257; 4265; 4276; 4279; 4282; 4284; 4285; 4290; 4293; 4303; 4314; 4316; 4319; 4326; 4327; 4332; 4335; 4337; 4338; 4352; 4356; 4358; 4359; 4371; 4378; 4379; 4380; 4382; 4387; 4392; 4397; 4400; 4420; 4426; 4428; 4433; 4435; 4443; 4446; 4450; 4451; 4453; 4457; 4458; 4463; 4465; 4466; 4476; 4478; 4482; 4486; 4490; 4494; 4496; 4497; 4500; 4501; 4510; 4518; 4521; 4522; 4538; 4546; 4547; 4548; 4549; 4550; 4556; 4559; 4561; 4565; 4566; 4570; 4572; 4575; 4576; 4578; 4579; 4581; 4582; 4584; 4587; 4596; 4599; 4600; 4601; 4603; 4611; 4612; 4615; 4627; 4630; 4637; 4638; 4640; 4641; 4644; 4648; 4659; 4667; 4671; 4672; 4683; 4691; 4696; 4698; 4699; 4701; 4707; 4708; 4711; 4714; 4717; 4718; 4723; 4726; 4727; 4731; 4736; 4737; 4738; 4741; 4742; 4744; 4749; 4753; 4754; 4755; 4756; 4757; 4762; 4763; 4771; 4772; 4776; 4778; 4780; 4788; 4789; 4790; 4791; 4795; 4798; 4805; 4808; 4811; 4812; 4813; 4815; 4817; 4819; 4822; 4823; 4824; 4825; 4828; 4829; 4830; 4831; 4833; 4834; 4837; 4840; 4842; 4844; 4845; 4846; 4847; 4854; 4860; 4861; 4865; 4868; 4869; 4870; 4871; 4872; 4879; 4888; 4892; 4895; 4896; 4900; 4901; 4903; 4907; 4915; 4920; 4923; 4932; 4933; 4936; 4937; 4938; 4939; 4941; 4942; 4947; 4957; 4963; 4966; 4968; 4969; 4972; 4973; 4974; 4975; 4980; 4982; 4983; 4988; 4989; 4990; 4992; 4997; 5003; 5006; 5008; 5015
TREES, 1155, 2; 3; 8; 11; 13; 14; 16; 17; 26; 28; 38; 44; 49; 52; 58; 62; 66; 75; 78; 81; 90; 92; 95; 110; 111; 112; 120; 129; 132; 134; 139; 160; 164; 166; 176; 180; 188; 190; 197; 201; 206; 214; 215; 217; 219; 220; 235; 239; 242; 243; 252; 253; 255; 256; 259; 263; 266; 270; 274; 278; 282; 283; 284; 301; 302; 303; 304; 305; 306; 307; 308; 311; 315; 318; 321; 334; 337; 341; 343; 357; 365; 366; 367; 371; 373; 376; 377; 378; 382; 387; 399; 402; 407; 409; 414; 420; 422; 426; 427; 428; 435; 442; 445; 446; 472; 482; 493; 494; 499; 502; 504; 509; 514; 515; 517; 527; 532; 533; 539; 545; 548; 550; 554; 557; 558; 561; 563; 571; 575; 577; 583; 589; 594; 595; 600; 601; 607; 608; 618; 620; 621; 622; 625; 630; 633; 642; 643; 645; 649; 665; 666; 675; 689; 692; 696; 701; 712; 714; 719; 727; 731; 734; 736; 737; 738; 748; 749; 763; 766; 767; 774; 776; 779; 783; 784; 785; 788; 794; 797; 799; 800; 801; 804; 816; 818; 819; 821; 823; 825; 829; 830; 831; 841; 846; 848; 850; 851; 854; 855; 856; 857; 860; 861; 863; 866; 867; 869; 877; 878; 880; 884; 891; 892; 893; 894; 900; 904; 907; 911; 914; 915; 916; 921; 923; 925; 928; 932; 933; 946; 951; 952; 954; 957; 959; 960; 963; 971; 973; 983; 984; 986; 987; 990; 991; 995; 1009; 1010; 1012; 1016; 1020; 1028; 1035; 1042; 1043; 1044; 1045; 1048; 1051; 1059; 1061; 1068; 1076; 1081; 1087; 1089; 1099; 1100; 1101; 1104; 1109; 1123; 1124; 1131; 1134; 1144; 1147; 1148; 1155; 1156; 1158; 1160; 1162; 1178; 1182; 1185; 1190; 1191; 1198; 1210; 1215; 1219; 1223; 1225; 1226; 1242; 1246; 1247; 1250; 1264; 1267; 1273; 1277; 1278; 1283; 1284; 1286; 1289; 1295; 1298; 1310; 1312; 1321; 1322; 1325; 1327; 1332; 1333; 1335; 1339; 1341; 1343; 1347; 1351; 1354; 1356; 1357; 1363; 1374; 1375; 1382; 1383; 1387; 1388; 1392; 1393; 1398; 1402; 1403; 1406; 1412; 1414; 1415; 1416; 1421; 1425; 1431; 1432; 1435; 1438; 1442; 1448; 1467; 1494; 1496; 1499; 1500; 1501; 1519; 1520; 1522; 1528; 1540; 1545; 1551; 1556; 1558; 1563; 1564; 1567; 1570; 1575; 1586; 1587; 1588; 1591; 1593; 1599; 1607; 1608; 1616; 1619; 1620; 1621; 1631; 1645; 1649; 1655; 1662; 1664; 1666; 1672; 1681; 1685; 1692; 1698; 1699; 1704; 1705; 1706; 1710; 1714; 1716; 1727; 1732; 1737; 1753; 1760; 1772; 1774; 1776; 1777; 1779; 1784; 1786; 1793; 1795; 1798; 1808; 1812; 1814; 1816; 1824; 1829; 1830; 1833; 1835; 1838; 1839; 1845; 1864; 1866; 1869; 1870; 1872; 1878; 1884; 1887; 1888; 1890; 1898; 1906; 1909; 1919; 1923; 1928; 1929; 1932; 1936; 1938; 1941; 1943; 1953; 1955; 1958; 1959; 1971; 1975; 1989; 1990; 1998; 2000; 2005; 2007; 2009; 2016; 2017; 2024; 2037; 2038; 2039; 2040; 2043; 2051; 2052; 2056; 2058; 2060; 2065; 2066; 2069; 2073; 2074; 2075; 2076; 2082; 2086; 2087; 2090; 2092; 2097; 2098; 2099; 2102; 2103; 2104; 2105; 2112; 2115; 2119; 2124; 2125; 2136; 2141; 2143; 2147; 2151; 2152; 2155; 2160; 2169; 2173; 2178; 2181; 2186; 2188; 2191; 2193; 2201; 2203; 2207; 2209; 2211; 2218; 2219; 2221; 2227; 2229; 2231; 2232; 2238; 2241; 2245; 2247; 2258; 2259; 2261; 2262; 2265; 2270; 2271; 2273; 2274; 2277; 2280; 2281; 2282; 2285; 2287; 2288; 2289; 2301; 2302; 2304; 2320; 2334; 2335; 2337; 2338; 2343; 2349; 2363; 2365; 2368; 2382; 2385; 2387; 2393; 2396; 2398; 2404; 2407; 2409; 2410; 2411; 2422; 2425; 2426; 2427; 2431; 2438; 2450; 2451; 2459; 2462; 2470; 2472; 2475; 2479; 2487; 2492; 2496; 2498; 2499; 2500; 2515; 2516; 2522; 2523; 2528; 2534; 2536; 2538; 2545; 2553; 2559; 2574; 2580; 2606; 2607; 2609; 2611; 2616; 2617; 2624; 2627; 2631; 2632; 2637; 2650; 2651; 2656; 2660; 2662; 2663; 2667; 2676; 2680; 2683; 2686; 2689; 2691; 2707; 2708; 2709; 2710; 2711; 2715; 2720; 2724; 2738; 2748; 2756; 2757; 2765; 2767; 2768; 2779; 2784; 2786; 2787; 2793; 2801; 2804; 2811; 2813; 2818; 2825; 2828; 2831; 2836; 2855; 2857; 2858; 2861; 2863; 2864; 2866; 2872; 2885; 2890; 2894; 2896; 2898; 2899; 2903; 2905; 2908; 2915; 2923; 2926; 2927; 2928; 2931; 2935; 2937; 2939; 2940; 2943; 2949; 2960; 2962; 2965; 2970; 2971; 2972; 2976; 2980; 2982; 2987; 2989; 2990; 3002; 3020; 3021; 3025; 3027; 3035; 3049; 3051; 3060; 3065; 3066; 3069; 3070; 3071; 3075; 3082; 3087; 3093; 3101; 3112; 3114; 3116; 3118; 3120; 3124; 3133; 3134; 3137; 3138; 3144; 3148; 3149; 3150; 3159; 3196; 3201; 3206; 3208; 3215; 3223; 3233; 3237; 3239; 3240; 3245; 3250; 3263; 3264; 3266; 3271; 3272; 3281; 3286; 3289; 3292; 3295; 3300; 3301; 3306; 3311; 3316; 3323; 3324; 3328; 3332; 3338; 3350; 3354; 3355; 3357; 3361; 3363; 3373; 3376; 3378; 3379; 3389; 3390; 3393; 3394; 3397; 3398; 3399; 3411; 3414; 3420; 3421; 3424; 3428; 3429; 3431; 3437; 3451; 3452; 3453; 3455; 3456; 3462; 3469; 3473; 3475; 3477; 3479; 3485; 3488; 3493; 3495; 3496; 3502; 3503; 3506; 3507; 3508; 3523; 3528; 3531; 3542; 3543; 3547; 3550; 3553; 3556; 3563; 3565; 3569; 3573; 3575; 3583; 3588; 3593; 3595; 3596; 3597; 3600; 3604; 3605; 3608; 3610; 3618; 3629; 3631; 3633; 3636; 3637; 3638; 3639; 3643; 3645; 3648; 3652; 3656; 3658; 3659; 3662; 3664; 3674; 3684; 3697; 3698; 3706; 3710; 3725; 3729; 3731; 3734; 3738; 3739; 3740; 3748; 3760; 3763; 3764; 3766; 3767; 3779; 3785; 3786; 3792; 3794; 3806; 3812; 3813; 3814; 3820; 3825; 3829; 3830; 3832; 3834; 3835; 3838; 3848; 3849; 3856; 3857; 3859; 3862; 3864; 3868; 3869; 3873; 3874; 3878; 3884; 3886; 3888; 3893; 3902; 3903; 3910; 3915; 3920; 3924; 3925; 3926; 3930; 3932; 3936; 3938; 3949; 3951; 3958; 3959; 3978; 3979; 3983; 3984; 3988; 3991; 3992; 4000; 4002; 4009; 4011; 4017; 4034; 4039; 4040; 4045; 4054; 4060; 4061; 4062; 4067; 4072; 4074; 4078; 4093; 4098; 4101; 4102; 4104; 4105; 4107; 4113; 4115; 4118; 4119; 4121; 4123; 4125; 4131; 4133; 4136; 4137; 4142; 4152; 4153; 4159; 4164; 4167; 4178; 4179; 4185; 4193; 4203; 4208; 4215; 4217; 4223; 4227; 4228; 4238; 4239; 4241; 4242; 4248; 4249; 4251; 4252; 4253; 4255; 4257; 4262; 4263; 4265; 4289; 4305; 4314; 4315; 4323; 4324; 4331; 4333; 4338; 4344; 4349; 4353; 4358; 4359; 4375; 4379; 4383; 4385; 4392; 4397; 4413; 4415; 4417; 4428; 4430; 4445; 4447; 4451; 4453; 4456; 4463; 4466; 4470; 4471; 4476; 4478; 4482; 4491; 4494; 4496; 4497; 4502; 4504; 4505; 4508; 4509; 4512; 4513; 4522; 4530; 4531; 4545; 4549; 4552; 4553; 4555; 4557; 4559; 4563; 4570; 4574; 4575; 4576; 4579; 4581; 4584; 4587; 4596; 4608; 4615; 4633; 4640; 4651; 4655; 4658; 4659; 4670; 4673; 4675; 4676; 4698; 4719; 4722; 4723; 4731; 4732; 4733; 4738; 4742; 4747; 4748; 4753; 4754; 4755; 4762; 4767; 4774; 4778; 4779; 4785; 4789; 4790; 4811; 4815; 4817; 4819; 4820; 4825; 4828; 4831; 4835; 4836; 4839; 4840; 4843; 4854; 4858; 4860; 4861; 4864; 4866; 4867; 4870; 4873; 4879; 4895; 4897; 4898; 4907; 4913; 4915; 4927; 4929; 4935; 4939; 4942; 4943; 4944; 4945; 4947; 4952; 4962; 4967; 4968; 4969; 4971; 4972; 4975; 4985; 4987; 4988; 4990; 4992; 4997; 5003; 5008; 5013; 5019
WILDERNESS, 171, 42; 45; 61; 68; 75; 76; 118; 120; 127; 149; 153; 159; 201; 249; 256; 303; 357; 422; 600; 794; 798; 800; 824; 848; 856; 860; 883; 888; 892; 921; 960; 961; 977; 1005; 1016; 1032; 1046; 1053; 1064; 1087; 1274; 1328; 1330; 1355; 1362; 1363; 1379; 1387; 1408; 1412; 1427; 1540; 1627; 1632; 1655; 1692; 1733; 1835; 1937; 2219; 2228; 2267; 2286; 2321; 2337; 2341; 2357; 2367; 2382; 2400; 2456; 2457; 2462; 2474; 2497; 2591; 2609; 2611; 2616; 2626; 2711; 2717; 2732; 2741; 2759; 2761; 2787; 2837; 2845; 2859; 2862; 2868; 2907; 2932; 2951; 3002; 3035; 3057; 3059; 3084; 3109; 3141; 3185; 3242; 3272; 3353; 3377; 3384; 3410; 3479; 3503; 3506; 3507; 3512; 3513; 3529; 3539; 3547; 3562; 3564; 3571; 3588; 3596; 3604; 3612; 3662; 3671; 3675; 3694; 3696; 3726; 3733; 3738; 3767; 3779; 3785; 3786; 3794; 3809; 3811; 3821; 3831; 3835; 3852; 3855; 3857; 3864; 3868; 3877; 3883; 3885; 3888; 3897; 3907; 3922; 3945; 3949; 3988; 4010; 4125; 4134; 4338; 4419; 4469; 4471; 4489; 4538; 4572; 4789; 4805; 4898
WOOD, 353, 9; 10; 14; 51; 90; 103; 111; 124; 128; 131; 161; 166; 193; 212; 213; 217; 226; 250; 255; 279; 285; 305; 308; 324; 345; 356; 362; 375; 381; 382; 386; 395; 417; 422; 448; 474; 476; 490; 501; 504; 509; 539; 550; 557; 558; 583; 591; 615; 616; 622; 628; 632; 635; 648; 675; 676; 689; 690; 697; 702; 716; 722; 724; 728; 738; 764; 767; 804; 812; 818; 821; 848; 856; 860; 905; 921; 933; 946; 959; 962; 963; 989; 991; 1010; 1012; 1014; 1024; 1045; 1051; 1082; 1103; 1130; 1138; 1148; 1151; 1180; 1200; 1244; 1252; 1261; 1296; 1312; 1333; 1345; 1358; 1364; 1369; 1370; 1385; 1432; 1460; 1467; 1471; 1475; 1481; 1511; 1538; 1546; 1550; 1586; 1587; 1607; 1608; 1621; 1630; 1640; 1667; 1690; 1732; 1733; 1735; 1776; 1779; 1798; 1813; 1825; 1827; 1830; 1831; 1835; 1854; 1858; 1864; 1869; 1884; 1894; 1898; 1912; 1914; 1924; 1946; 1979; 1991; 1996; 1999; 2022; 2060; 2068; 2072; 2112; 2152; 2203; 2227; 2233; 2245; 2249; 2289; 2310; 2321; 2322; 2386; 2410; 2411; 2421; 2438; 2458; 2466; 2470; 2472; 2480; 2487; 2494; 2496; 2499; 2511; 2531; 2533; 2537; 2539; 2543; 2547; 2557; 2563; 2564; 2570; 2586; 2620; 2644; 2646; 2648; 2685; 2695; 2702; 2705; 2710; 2711; 2724; 2744; 2749; 2754; 2763; 2814; 2823; 2850; 2851; 2855; 2896; 2898; 2910; 2913; 2932; 2936; 2944; 2948; 2976; 2980; 2982; 2997; 2998; 3013; 3039; 3044; 3054; 3057; 3075; 3105; 3114; 3121; 3142; 3146; 3149; 3174; 3177; 3179; 3180; 3225; 3243; 3288; 3299; 3324; 3335; 3345; 3353; 3386; 3394; 3397; 3399; 3444; 3468; 3471; 3473; 3477; 3481; 3506; 3521; 3531; 3553; 3560; 3573; 3583; 3605; 3662; 3671; 3713; 3718; 3737; 3739; 3740; 3767; 3835; 3924; 3934; 3956; 3974; 4034; 4060; 4061; 4064; 4067; 4077; 4084; 4103; 4117; 4141; 4151; 4156; 4169; 4188; 4204; 4206; 4210; 4213; 4222; 4231; 4240; 4259; 4291; 4293; 4318; 4334; 4364; 4369; 4370; 4383; 4384; 4388; 4427; 4434; 4442; 4465; 4470; 4480; 4497; 4499; 4532; 4534; 4587; 4600; 4601; 4610; 4612; 4626; 4698; 4707; 4735; 4743; 4756; 4802; 4827; 4833; 4836; 4838; 4878; 4892; 4896; 4936; 4942; 4969; 4973; 4995; 4996; 4997; 5005
WOODLAND, 20, 422; 445; 476; 589; 612; 1141; 1503; 1520; 1554; 1755; 2858; 2974; 3272; 3992; 4222; 4570; 4649; 4903; 4942; 4957
WOODS, 1901, 0; 3; 7; 9; 10; 11; 13; 17; 18; 20; 21; 22; 28; 31; 38; 41; 44; 51; 60; 64; 68; 69; 78; 81; 86; 90; 92; 97; 101; 104; 105; 106; 107; 108; 111; 116; 119; 122; 125; 126; 127; 128; 129; 130; 131; 132; 133; 134; 137; 139; 143; 145; 146; 147; 149; 155; 159; 160; 165; 167; 169; 170; 187; 189; 193; 195; 196; 197; 198; 199; 200; 203; 204; 205; 208; 215; 216; 217; 218; 221; 222; 223; 225; 229; 230; 234; 235; 236; 240; 242; 243; 244; 245; 247; 252; 256; 278; 287; 288; 289; 291; 292; 293; 294; 295; 299; 301; 304; 305; 306; 308; 314; 315; 318; 319; 320; 321; 325; 327; 329; 333; 334; 335; 336; 337; 339; 341; 342; 344; 346; 347; 348; 350; 352; 354; 355; 357; 359; 360; 364; 369; 370; 372; 373; 375; 376; 377; 384; 385; 386; 389; 392; 394; 395; 397; 399; 401; 402; 403; 406; 407; 409; 412; 414; 416; 419; 420; 421; 422; 425; 427; 430; 432; 436; 439; 440; 442; 443; 445; 451; 452; 459; 461; 466; 467; 468; 472; 474; 475; 476; 479; 483; 484; 487; 488; 490; 491; 492; 493; 498; 501; 502; 503; 504; 507; 508; 510; 515; 516; 517; 519; 522; 524; 525; 526; 527; 528; 529; 530; 532; 533; 540; 541; 542; 546; 547; 548; 549; 554; 556; 557; 563; 566; 567; 572; 573; 574; 583; 584; 587; 589; 590; 591; 595; 597; 600; 603; 604; 606; 607; 608; 609; 611; 612; 615; 617; 618; 620; 621; 622; 623; 624; 625; 626; 627; 629; 630; 632; 638; 641; 644; 645; 646; 647; 648; 649; 654; 659; 660; 661; 664; 665; 667; 669; 673; 675; 676; 677; 680; 681; 683; 689; 696; 702; 703; 704; 706; 707; 709; 710; 711; 712; 713; 715; 716; 717; 719; 720; 722; 723; 726; 727; 728; 730; 736; 740; 743; 746; 747; 756; 760; 763; 764; 767; 768; 771; 773; 776; 777; 778; 779; 781; 784; 785; 788; 791; 793; 803; 804; 806; 821; 822; 829; 830; 831; 835; 838; 843; 844; 845; 847; 848; 853; 857; 860; 863; 865; 867; 869; 877; 889; 896; 897; 899; 901; 907; 916; 917; 921; 923; 927; 934; 935; 937; 941; 943; 946; 947; 948; 949; 952; 953; 959; 960; 966; 969; 970; 972; 973; 975; 976; 977; 978; 981; 982; 984; 991; 994; 995; 1000; 1002; 1003; 1004; 1011; 1012; 1013; 1022; 1033; 1043; 1045; 1049; 1050; 1051; 1053; 1060; 1066; 1072; 1074; 1075; 1076; 1080; 1083; 1085; 1087; 1088; 1089; 1091; 1094; 1096; 1098; 1099; 1100; 1102; 1104; 1105; 1106; 1108; 1109; 1110; 1111; 1112; 1117; 1119; 1123; 1124; 1125; 1126; 1129; 1130; 1131; 1132; 1137; 1139; 1140; 1142; 1143; 1144; 1148; 1149; 1153; 1154; 1155; 1156; 1157; 1159; 1161; 1162; 1163; 1167; 1168; 1169; 1171; 1173; 1179; 1180; 1181; 1182; 1183; 1187; 1188; 1189; 1190; 1195; 1199; 1203; 1205; 1216; 1217; 1223; 1225; 1226; 1228; 1229; 1231; 1233; 1234; 1236; 1237; 1242; 1243; 1244; 1246; 1247; 1249; 1252; 1253; 1254; 1255; 1256; 1258; 1259; 1260; 1261; 1262; 1267; 1268; 1272; 1274; 1275; 1276; 1280; 1282; 1283; 1284; 1291; 1292; 1296; 1298; 1299; 1304; 1307; 1312; 1315; 1318; 1326; 1328; 1330; 1335; 1344; 1345; 1346; 1347; 1349; 1350; 1353; 1357; 1358; 1361; 1368; 1370; 1372; 1373; 1374; 1375; 1376; 1377; 1379; 1380; 1383; 1384; 1386; 1390; 1392; 1394; 1395; 1396; 1397; 1398; 1401; 1402; 1403; 1406; 1408; 1409; 1411; 1412; 1414; 1416; 1417; 1418; 1419; 1420; 1423; 1425; 1427; 1430; 1432; 1433; 1434; 1435; 1436; 1437; 1438; 1444; 1446; 1449; 1451; 1455; 1456; 1457; 1458; 1459; 1466; 1468; 1470; 1471; 1473; 1474; 1475; 1476; 1479; 1481; 1483; 1484; 1489; 1491; 1492; 1494; 1495; 1496; 1497; 1498; 1500; 1504; 1505; 1508; 1511; 1513; 1516; 1520; 1521; 1522; 1523; 1525; 1527; 1529; 1531; 1538; 1539; 1540; 1543; 1544; 1545; 1546; 1547; 1548; 1550; 1551; 1552; 1554; 1555; 1556; 1559; 1562; 1563; 1564; 1566; 1569; 1570; 1571; 1572; 1576; 1577; 1578; 1580; 1581; 1584; 1585; 1586; 1589; 1591; 1593; 1596; 1598; 1599; 1601; 1602; 1603; 1605; 1606; 1608; 1609; 1612; 1615; 1619; 1621; 1625; 1626; 1630; 1631; 1632; 1635; 1636; 1639; 1640; 1643; 1647; 1649; 1651; 1652; 1654; 1655; 1656; 1657; 1658; 1660; 1665; 1666; 1667; 1670; 1673; 1675; 1678; 1685; 1686; 1687; 1688; 1690; 1694; 1696; 1697; 1702; 1710; 1713; 1715; 1716; 1720; 1722; 1725; 1728; 1731; 1733; 1735; 1736; 1738; 1740; 1743; 1744; 1745; 1746; 1749; 1751; 1753; 1755; 1756; 1758; 1759; 1762; 1765; 1766; 1767; 1770; 1774; 1775; 1778; 1779; 1780; 1781; 1784; 1785; 1790; 1793; 1794; 1795; 1799; 1801; 1802; 1803; 1812; 1816; 1818; 1823; 1824; 1825; 1826; 1827; 1829; 1830; 1831; 1832; 1835; 1836; 1837; 1840; 1841; 1842; 1843; 1845; 1851; 1852; 1853; 1856; 1858; 1859; 1860; 1868; 1869; 1870; 1873; 1876; 1877; 1878; 1881; 1882; 1884; 1885; 1887; 1888; 1889; 1891; 1897; 1898; 1900; 1901; 1906; 1908; 1909; 1910; 1914; 1921; 1924; 1925; 1926; 1928; 1929; 1931; 1932; 1934; 1936; 1938; 1940; 1944; 1948; 1951; 1956; 1958; 1960; 1961; 1965; 1966; 1967; 1970; 1971; 1974; 1978; 1982; 1983; 1985; 1988; 1990; 1992; 1994; 1995; 1996; 1997; 2000; 2005; 2008; 2009; 2012; 2015; 2016; 2017; 2021; 2022; 2023; 2024; 2027; 2028; 2030; 2034; 2036; 2038; 2040; 2042; 2044; 2047; 2048; 2049; 2050; 2053; 2055; 2058; 2059; 2060; 2062; 2064; 2065; 2066; 2071; 2072; 2073; 2074; 2076; 2077; 2086; 2091; 2092; 2094; 2095; 2096; 2098; 2101; 2103; 2104; 2105; 2106; 2110; 2114; 2115; 2118; 2121; 2122; 2123; 2125; 2126; 2134; 2135; 2138; 2139; 2140; 2145; 2146; 2147; 2148; 2151; 2152; 2153; 2158; 2162; 2164; 2169; 2171; 2172; 2173; 2174; 2176; 2183; 2185; 2186; 2187; 2192; 2193; 2196; 2201; 2203; 2209; 2210; 2212; 2216; 2218; 2219; 2221; 2242; 2244; 2246; 2247; 2249; 2250; 2251; 2258; 2259; 2264; 2265; 2268; 2275; 2276; 2278; 2288; 2295; 2296; 2297; 2298; 2299; 2300; 2302; 2304; 2306; 2307; 2308; 2309; 2310; 2314; 2316; 2318; 2320; 2321; 2322; 2324; 2325; 2326; 2327; 2328; 2331; 2332; 2335; 2337; 2338; 2340; 2341; 2342; 2343; 2344; 2345; 2347; 2349; 2358; 2365; 2366; 2368; 2370; 2371; 2372; 2373; 2375; 2380; 2382; 2386; 2393; 2395; 2398; 2403; 2411; 2413; 2415; 2417; 2422; 2423; 2429; 2435; 2438; 2445; 2447; 2451; 2453; 2459; 2462; 2466; 2474; 2476; 2477; 2488; 2490; 2492; 2494; 2495; 2499; 2502; 2503; 2504; 2505; 2507; 2509; 2511; 2513; 2514; 2515; 2519; 2520; 2528; 2531; 2532; 2533; 2534; 2537; 2539; 2543; 2544; 2545; 2546; 2547; 2549; 2552; 2557; 2559; 2561; 2562; 2564; 2574; 2576; 2582; 2585; 2595; 2597; 2601; 2602; 2603; 2605; 2610; 2611; 2613; 2616; 2623; 2624; 2631; 2634; 2637; 2644; 2650; 2657; 2660; 2661; 2662; 2663; 2664; 2670; 2673; 2680; 2683; 2685; 2686; 2687; 2691; 2692; 2695; 2697; 2698; 2701; 2702; 2707; 2708; 2709; 2717; 2728; 2732; 2739; 2742; 2744; 2754; 2758; 2759; 2760; 2761; 2766; 2769; 2776; 2779; 2781; 2784; 2785; 2791; 2793; 2798; 2801; 2803; 2808; 2812; 2813; 2814; 2815; 2816; 2818; 2820; 2823; 2824; 2825; 2834; 2839; 2843; 2846; 2849; 2851; 2852; 2853; 2855; 2861; 2864; 2870; 2871; 2874; 2876; 2877; 2878; 2884; 2885; 2889; 2890; 2897; 2899; 2903; 2904; 2906; 2907; 2908; 2910; 2912; 2915; 2922; 2927; 2928; 2932; 2934; 2935; 2938; 2941; 2943; 2944; 2946; 2948; 2949; 2955; 2960; 2966; 2967; 2969; 2970; 2971; 2972; 2974; 2976; 2977; 2985; 2987; 2989; 2990; 2992; 2993; 2994; 2997; 3003; 3005; 3006; 3008; 3014; 3015; 3017; 3019; 3021; 3022; 3024; 3025; 3026; 3027; 3028; 3033; 3035; 3037; 3039; 3043; 3045; 3050; 3052; 3059; 3061; 3063; 3065; 3067; 3070; 3075; 3081; 3086; 3087; 3088; 3089; 3090; 3091; 3092; 3093; 3094; 3098; 3101; 3102; 3103; 3104; 3105; 3107; 3109; 3110; 3114; 3115; 3116; 3117; 3121; 3123; 3126; 3127; 3128; 3131; 3132; 3133; 3134; 3137; 3138; 3139; 3140; 3141; 3142; 3144; 3145; 3146; 3147; 3148; 3150; 3151; 3152; 3155; 3156; 3157; 3158; 3160; 3161; 3164; 3168; 3169; 3171; 3172; 3175; 3180; 3181; 3183; 3187; 3188; 3189; 3190; 3193; 3194; 3201; 3210; 3211; 3215; 3217; 3223; 3225; 3227; 3228; 3234; 3235; 3244; 3245; 3257; 3260; 3263; 3268; 3269; 3274; 3276; 3282; 3288; 3289; 3290; 3292; 3293; 3295; 3296; 3297; 3300; 3301; 3304; 3305; 3306; 3309; 3312; 3316; 3317; 3318; 3319; 3321; 3325; 3326; 3328; 3329; 3331; 3332; 3333; 3334; 3335; 3337; 3342; 3346; 3353; 3360; 3368; 3370; 3371; 3377; 3379; 3382; 3384; 3385; 3386; 3388; 3389; 3391; 3394; 3397; 3399; 3402; 3403; 3425; 3426; 3428; 3434; 3437; 3441; 3456; 3473; 3474; 3475; 3477; 3478; 3493; 3495; 3496; 3499; 3501; 3507; 3511; 3520; 3523; 3526; 3528; 3529; 3531; 3536; 3540; 3546; 3549; 3555; 3562; 3566; 3569; 3570; 3579; 3586; 3587; 3591; 3592; 3597; 3606; 3613; 3614; 3622; 3625; 3629; 3631; 3635; 3636; 3646; 3655; 3662; 3663; 3664; 3665; 3666; 3671; 3672; 3681; 3698; 3700; 3706; 3707; 3709; 3710; 3713; 3716; 3722; 3725; 3735; 3740; 3742; 3750; 3752; 3757; 3779; 3789; 3792; 3802; 3825; 3828; 3830; 3835; 3838; 3843; 3857; 3861; 3863; 3868; 3878; 3886; 3887; 3888; 3893; 3895; 3916; 3921; 3922; 3924; 3939; 3943; 3954; 3959; 3961; 3962; 3963; 3965; 3966; 3973; 3975; 3977; 3986; 3992; 3994; 3996; 3997; 3998; 3999; 4002; 4003; 4006; 4009; 4018; 4019; 4020; 4024; 4029; 4030; 4035; 4039; 4042; 4043; 4046; 4047; 4049; 4053; 4054; 4056; 4057; 4060; 4063; 4064; 4065; 4067; 4072; 4074; 4078; 4080; 4084; 4085; 4086; 4087; 4088; 4091; 4092; 4093; 4094; 4095; 4102; 4105; 4106; 4107; 4110; 4111; 4113; 4114; 4116; 4119; 4120; 4124; 4125; 4129; 4130; 4131; 4133; 4135; 4137; 4141; 4143; 4145; 4146; 4147; 4148; 4152; 4154; 4157; 4159; 4160; 4164; 4165; 4166; 4169; 4170; 4172; 4175; 4176; 4177; 4179; 4180; 4182; 4185; 4188; 4189; 4191; 4194; 4195; 4199; 4200; 4204; 4207; 4210; 4211; 4212; 4213; 4214; 4215; 4216; 4221; 4222; 4225; 4226; 4228; 4232; 4235; 4239; 4240; 4241; 4248; 4250; 4251; 4253; 4257; 4259; 4264; 4266; 4269; 4272; 4274; 4276; 4277; 4278; 4279; 4280; 4284; 4290; 4292; 4293; 4297; 4298; 4303; 4304; 4306; 4311; 4314; 4315; 4316; 4318; 4319; 4321; 4323; 4325; 4328; 4329; 4331; 4332; 4334; 4335; 4336; 4339; 4341; 4344; 4345; 4349; 4353; 4359; 4360; 4361; 4364; 4367; 4368; 4369; 4370; 4371; 4372; 4375; 4377; 4378; 4379; 4387; 4388; 4391; 4392; 4393; 4398; 4402; 4403; 4404; 4405; 4416; 4419; 4421; 4423; 4424; 4429; 4432; 4435; 4436; 4443; 4446; 4447; 4448; 4451; 4453; 4455; 4456; 4460; 4480; 4481; 4483; 4486; 4491; 4496; 4497; 4498; 4501; 4504; 4505; 4506; 4508; 4509; 4516; 4519; 4537; 4542; 4547; 4550; 4561; 4562; 4564; 4565; 4568; 4570; 4571; 4576; 4580; 4581; 4587; 4589; 4591; 4595; 4596; 4598; 4599; 4600; 4602; 4603; 4604; 4612; 4614; 4615; 4617; 4619; 4620; 4622; 4625; 4627; 4630; 4632; 4633; 4635; 4636; 4637; 4638; 4641; 4646; 4647; 4648; 4649; 4653; 4654; 4656; 4658; 4660; 4663; 4667; 4669; 4675; 4694; 4696; 4697; 4698; 4700; 4706; 4707; 4708; 4714; 4722; 4723; 4724; 4728; 4731; 4734; 4736; 4738; 4740; 4741; 4745; 4750; 4753; 4754; 4758; 4761; 4762; 4765; 4771; 4773; 4774; 4777; 4779; 4782; 4787; 4789; 4790; 4792; 4795; 4801; 4802; 4805; 4807; 4808; 4811; 4812; 4817; 4819; 4822; 4823; 4827; 4828; 4829; 4830; 4831; 4833; 4834; 4835; 4836; 4838; 4842; 4843; 4844; 4845; 4846; 4847; 4852; 4853; 4854; 4856; 4858; 4859; 4875; 4877; 4880; 4896; 4903; 4906; 4908; 4909; 4910; 4912; 4915; 4917; 4918; 4920; 4930; 4940; 4942; 4943; 4945; 4947; 4948; 4950; 4952; 4954; 4957; 4960; 4961; 4962; 4963; 4964; 4966; 4968; 4969; 4971; 4978; 4980; 4982; 4984; 4987; 4988; 4990; 4991; 4993; 4994; 4995; 4997; 4998; 5002; 5003; 5006; 5008; 5010; 5013; 5015; 5019
