word,id,no_of_reports_containing_word,reports
dusk, 4, 378, 30680.0; 5770.0; 10260.0; 42580.0; 3334.0; 15520.0; 9218.0; 18516.0; 12562.0; 1149.0; 25241.0; 25012.0; 66051.0; 12825.0; 56480.0; 1505.0; 34572.0; 490.0; 20011.0; 28218.0; 12994.0; 8409.0; 10249.0; 1597.0; 16540.0; 22561.0; 11630.0; 26205.0; 10289.0; 4589.0; 6062.0; 5229.0; 4982.0; 50393.0; 4962.0; 12736.0; 5406.0; 39037.0; 7932.0; 20259.0; 15088.0; 15430.0; 40619.0; 8042.0; 30622.0; 41270.0; 4952.0; 49813.0; 65305.0; 58177.0; 11771.0; 1755.0; 47305.0; 51304.0; 25553.0; 3315.0; 5333.0; 29018.0; 4202.0; 2789.0; 1300.0; 36643.0; 25703.0; 9785.0; 701.0; 3042.0; 15744.0; 688.0; 5242.0; 65789.0; 8392.0; 683.0; 687.0; 9289.0; 5350.0; 13653.0; 45813.0; 692.0; 7785.0; 651.0; 25085.0; 652.0; 7662.0; 654.0; 1986.0; 8888.0; 45347.0; 9547.0; 7954.0; 666.0; 3295.0; 3565.0; 3567.0; 4478.0; 3584.0; 11506.0; 3557.0; 3550.0; 2784.0; 3634.0; 3562.0; 11616.0; 43217.0; 25238.0; 3541.0; 8679.0; 416.0; 17455.0; 43689.0; 7427.0; 8635.0; 8921.0; 977.0; 56798.0; 15107.0; 35981.0; 1904.0; 3024.0; 13183.0; 27702.0; 37558.0; 8451.0; 31814.0; 57401.0; 17939.0; 8351.0; 14828.0; 17175.0; 43519.0; 2787.0; 19936.0; 43889.0; 37823.0; 46534.0; 32981.0; 29615.0; 22802.0; 7386.0; 30789.0; 24776.0; 796.0; 24854.0; 33559.0; 20002.0; 3801.0; 44808.0; 67381.0; 9796.0; 10927.0; 49518.0; 45911.0; 28080.0; 21660.0; 5085.0; 1136.0; 36407.0; 59071.0; 2180.0; 24404.0; 1116.0; 1100.0; 3483.0; 6775.0; 18442.0; 24102.0; 1344.0; 2376.0; 26029.0; 791.0; 17306.0; 6445.0; 11682.0; 14383.0; 25440.0; 1098.0; 8530.0; 4156.0; 4143.0; 8083.0; 7802.0; 4139.0; 13833.0; 2477.0; 41621.0; 10272.0; 448.0; 8107.0; 8108.0; 7604.0; 47499.0; 7303.0; 7907.0; 29315.0; 1631.0; 10123.0; 23264.0; 67313.0; 2379.0; 20254.0; 23822.0; 30258.0; 42643.0; 12727.0; 30006.0; 31956.0; 27472.0; 31594.0; 9842.0; 741.0; 30051.0; 4380.0; 22475.0; 18620.0; 8197.0; 2600.0; 9392.0; 13487.0; 17570.0; 15135.0; 29609.0; 9868.0; 495.0; 32536.0; 17220.0; 10354.0; 1596.0; 46546.0; 2070.0; 21659.0; 31009.0; 26035.0; 29045.0; 958.0; 41111.0; 17903.0; 12844.0; 8730.0; 12510.0; 1996.0; 36852.0; 16870.0; 39314.0; 3005.0; 5507.0; 61147.0; 19841.0; 26279.0; 25301.0; 23191.0; 16204.0; 31404.0; 1203.0; 2963.0; 1536.0; 26124.0; 1516.0; 25719.0; 1241.0; 16529.0; 32377.0; 8251.0; 15621.0; 2957.0; 59520.0; 44912.0; 5228.0; 63860.0; 3519.0; 26297.0; 69323.0; 38375.0; 13964.0; 20235.0; 573.0; 2779.0; 12294.0; 5637.0; 1058.0; 12405.0; 25260.0; 596.0; 2183.0; 3121.0; 4887.0; 2333.0; 2311.0; 15197.0; 5232.0; 1794.0; 2755.0; 63645.0; 1510.0; 20594.0; 2326.0; 3112.0; 16661.0; 42602.0; 8896.0; 4366.0; 9051.0; 4445.0; 6946.0; 8595.0; 3605.0; 1496.0; 17458.0; 20028.0; 3636.0; 3710.0; 2110.0; 60892.0; 58379.0; 41275.0; 35769.0; 11812.0; 16823.0; 59236.0; 724.0; 14118.0; 1480.0; 12903.0; 1030.0; 48599.0; 55574.0; 730.0; 25037.0; 7904.0; 35270.0; 29414.0; 28355.0; 24656.0; 446.0; 46728.0; 17089.0; 27197.0; 8405.0; 24393.0; 43553.0; 38287.0; 7864.0; 2060.0; 28386.0; 10510.0; 47249.0; 10037.0; 24544.0; 14872.0; 40476.0; 23418.0; 25273.0; 41043.0; 3018.0; 3521.0; 11273.0; 28569.0; 11831.0; 39267.0; 2472.0; 15374.0; 65589.0; 2076.0; 6094.0; 113.0; 35984.0; 27779.0; 24674.0; 912.0; 5678.0; 26605.0; 2390.0; 55870.0; 46624.0; 18174.0; 50064.0; 10765.0; 6632.0; 48811.0; 33187.0
evening, 2, 738, 1261.0; 6496.0; 703.0; 438.0; 16207.0; 6643.0; 1530.0; 1517.0; 1519.0; 24988.0; 15520.0; 3331.0; 2149.0; 28381.0; 10608.0; 15554.0; 18516.0; 2054.0; 69143.0; 26113.0; 16486.0; 24928.0; 24738.0; 52031.0; 48354.0; 1975.0; 34460.0; 537.0; 3895.0; 11526.0; 12418.0; 11589.0; 1427.0; 5909.0; 18122.0; 1597.0; 3298.0; 27035.0; 1451.0; 8953.0; 26205.0; 28570.0; 145.0; 6384.0; 4589.0; 2987.0; 5262.0; 10421.0; 13882.0; 71997.0; 13288.0; 63279.0; 44066.0; 12789.0; 4959.0; 26709.0; 4960.0; 7973.0; 9537.0; 50393.0; 4962.0; 67875.0; 5977.0; 4968.0; 7832.0; 5259.0; 359.0; 31000.0; 4974.0; 4973.0; 16489.0; 7932.0; 6848.0; 31100.0; 3248.0; 15088.0; 15430.0; 31439.0; 69304.0; 41270.0; 10925.0; 10861.0; 4556.0; 65305.0; 49766.0; 33014.0; 46834.0; 3686.0; 7026.0; 34555.0; 23628.0; 6644.0; 56829.0; 25553.0; 51430.0; 66198.0; 3350.0; 11946.0; 4202.0; 3533.0; 26943.0; 2789.0; 1300.0; 3199.0; 31986.0; 36643.0; 25703.0; 8381.0; 69006.0; 59235.0; 2353.0; 696.0; 701.0; 7473.0; 27477.0; 1224.0; 681.0; 7562.0; 1318.0; 22742.0; 3820.0; 5610.0; 23771.0; 6724.0; 14891.0; 25445.0; 685.0; 7366.0; 9020.0; 50901.0; 12156.0; 7789.0; 25907.0; 702.0; 7124.0; 693.0; 5650.0; 15747.0; 8745.0; 11147.0; 604.0; 50123.0; 10928.0; 656.0; 7662.0; 653.0; 624.0; 654.0; 2026.0; 8888.0; 45347.0; 25531.0; 3297.0; 2900.0; 665.0; 22570.0; 2274.0; 22996.0; 3566.0; 3564.0; 46320.0; 49773.0; 11506.0; 3557.0; 3547.0; 2932.0; 21962.0; 7137.0; 2784.0; 3840.0; 9317.0; 1256.0; 25238.0; 1022.0; 1258.0; 1995.0; 26604.0; 25442.0; 3541.0; 832.0; 18033.0; 15597.0; 37094.0; 22899.0; 42692.0; 34224.0; 1830.0; 13285.0; 2048.0; 977.0; 883.0; 2347.0; 49902.0; 9863.0; 1647.0; 3800.0; 4779.0; 4738.0; 5176.0; 10646.0; 9946.0; 13183.0; 25194.0; 28307.0; 65464.0; 65980.0; 50159.0; 1168.0; 6249.0; 67335.0; 66109.0; 10687.0; 27702.0; 329.0; 1170.0; 24620.0; 31592.0; 5280.0; 33611.0; 57401.0; 20457.0; 2554.0; 821.0; 42056.0; 29178.0; 23481.0; 35437.0; 1811.0; 812.0; 28668.0; 37553.0; 236.0; 32976.0; 32024.0; 39578.0; 15187.0; 42418.0; 20579.0; 22802.0; 801.0; 7386.0; 7408.0; 24776.0; 796.0; 21916.0; 7800.0; 33559.0; 5694.0; 44387.0; 59590.0; 24794.0; 1059.0; 24089.0; 4379.0; 13049.0; 2677.0; 40293.0; 27028.0; 28935.0; 436.0; 26617.0; 59650.0; 9796.0; 27341.0; 23581.0; 5064.0; 30159.0; 45150.0; 28013.0; 24426.0; 38519.0; 21660.0; 27785.0; 5059.0; 1138.0; 38339.0; 30573.0; 24404.0; 1116.0; 39835.0; 55672.0; 28210.0; 55997.0; 29980.0; 9941.0; 65277.0; 19695.0; 62432.0; 50717.0; 40087.0; 5123.0; 46475.0; 9502.0; 24102.0; 8429.0; 4681.0; 2376.0; 62813.0; 24235.0; 4196.0; 546.0; 14611.0; 13673.0; 18632.0; 16557.0; 65588.0; 20523.0; 13691.0; 1445.0; 62358.0; 6449.0; 11682.0; 14383.0; 29244.0; 25440.0; 81.0; 6478.0; 27486.0; 2049.0; 57760.0; 25035.0; 8530.0; 7836.0; 63665.0; 4156.0; 8083.0; 4144.0; 9867.0; 33336.0; 10591.0; 9305.0; 10800.0; 57411.0; 4139.0; 51821.0; 4137.0; 24905.0; 9036.0; 4138.0; 19666.0; 10157.0; 41668.0; 8107.0; 47499.0; 12314.0; 2398.0; 4337.0; 638.0; 27768.0; 7907.0; 26473.0; 29315.0; 8038.0; 1631.0; 1527.0; 19983.0; 23291.0; 30430.0; 62926.0; 14732.0; 396.0; 25233.0; 17195.0; 1436.0; 21162.0; 24602.0; 16744.0; 2286.0; 42643.0; 67485.0; 2284.0; 31648.0; 65423.0; 46206.0; 67232.0; 2283.0; 23400.0; 2281.0; 1768.0; 6406.0; 1180.0; 6425.0; 741.0; 5953.0; 30051.0; 23315.0; 1564.0; 5453.0; 5452.0; 12803.0; 43823.0; 1777.0; 1772.0; 12523.0; 24373.0; 7580.0; 28207.0; 43859.0; 50659.0; 2600.0; 9392.0; 17570.0; 23300.0; 6303.0; 8407.0; 1595.0; 32824.0; 23033.0; 1591.0; 8777.0; 9231.0; 50160.0; 60.0; 4323.0; 1721.0; 391.0; 16276.0; 41825.0; 898.0; 49664.0; 1682.0; 1684.0; 1749.0; 9197.0; 6864.0; 62354.0; 1686.0; 26447.0; 1973.0; 41514.0; 43295.0; 11313.0; 36726.0; 69049.0; 31009.0; 26567.0; 26580.0; 946.0; 7455.0; 28781.0; 23796.0; 40381.0; 39025.0; 945.0; 11040.0; 42304.0; 67472.0; 8670.0; 65650.0; 8748.0; 9096.0; 69614.0; 38013.0; 36852.0; 28993.0; 2792.0; 9980.0; 61147.0; 28065.0; 19917.0; 8435.0; 43742.0; 12812.0; 3655.0; 12959.0; 7474.0; 55554.0; 23411.0; 18793.0; 7188.0; 25301.0; 70692.0; 23191.0; 34043.0; 46528.0; 16890.0; 15355.0; 13949.0; 1245.0; 3631.0; 1456.0; 28954.0; 5609.0; 23882.0; 902.0; 24413.0; 56293.0; 8972.0; 20670.0; 514.0; 24822.0; 6037.0; 6951.0; 1240.0; 4741.0; 39121.0; 22101.0; 3292.0; 58890.0; 15621.0; 3143.0; 62625.0; 26750.0; 11430.0; 2104.0; 62203.0; 1944.0; 9753.0; 5228.0; 1641.0; 12824.0; 46380.0; 24052.0; 13548.0; 6552.0; 26297.0; 1028.0; 49293.0; 7495.0; 3625.0; 41350.0; 1637.0; 18972.0; 9202.0; 26152.0; 24456.0; 2782.0; 2816.0; 2817.0; 16691.0; 2845.0; 13549.0; 18298.0; 1473.0; 1058.0; 8069.0; 22434.0; 3056.0; 13839.0; 27819.0; 6971.0; 25260.0; 7773.0; 596.0; 8729.0; 11407.0; 2183.0; 6922.0; 4887.0; 24877.0; 7097.0; 7676.0; 868.0; 2210.0; 875.0; 4132.0; 6963.0; 7988.0; 2141.0; 2859.0; 1727.0; 4642.0; 6520.0; 7452.0; 63645.0; 67556.0; 67480.0; 325.0; 4947.0; 8059.0; 2198.0; 10279.0; 15782.0; 7334.0; 5463.0; 16550.0; 502.0; 3112.0; 35596.0; 24696.0; 15588.0; 42602.0; 13441.0; 62497.0; 1548.0; 7416.0; 4366.0; 2954.0; 62496.0; 4845.0; 63033.0; 6746.0; 6130.0; 6868.0; 4929.0; 12165.0; 3185.0; 12904.0; 26522.0; 44401.0; 62929.0; 14503.0; 16408.0; 18333.0; 48732.0; 1228.0; 23065.0; 24068.0; 28263.0; 26581.0; 32308.0; 24032.0; 51800.0; 49777.0; 25979.0; 12587.0; 69452.0; 1079.0; 13961.0; 13976.0; 12903.0; 1030.0; 17644.0; 728.0; 19354.0; 11387.0; 1283.0; 65655.0; 13034.0; 16683.0; 722.0; 28678.0; 27587.0; 35270.0; 21879.0; 20420.0; 720.0; 15318.0; 32227.0; 35218.0; 1719.0; 22074.0; 7088.0; 22852.0; 25346.0; 18439.0; 5395.0; 45216.0; 38873.0; 36006.0; 8405.0; 68899.0; 29530.0; 30483.0; 15457.0; 31888.0; 3049.0; 30530.0; 1268.0; 29125.0; 41700.0; 2316.0; 13717.0; 2315.0; 4187.0; 18050.0; 59343.0; 65369.0; 1197.0; 15120.0; 28386.0; 26487.0; 13828.0; 64180.0; 63250.0; 50124.0; 61107.0; 13070.0; 28545.0; 32634.0; 33638.0; 57880.0; 50502.0; 47469.0; 55386.0; 39852.0; 41786.0; 10535.0; 27042.0; 58089.0; 25924.0; 38337.0; 2901.0; 37758.0; 43319.0; 44644.0; 18059.0; 36567.0; 28714.0; 38765.0; 28568.0; 28936.0; 29165.0; 36306.0; 2473.0; 65589.0; 39990.0; 2470.0; 24862.0; 25658.0; 1696.0; 23537.0; 26939.0; 2457.0; 47267.0; 1327.0; 2461.0; 35236.0; 7558.0; 739.0; 10660.0; 1314.0; 27779.0; 3269.0; 30814.0; 23730.0; 30673.0; 24948.0; 2428.0; 27323.0; 61108.0; 2383.0; 51739.0; 10765.0; 8715.0; 61097.0; 2381.0; 35456.0
morning, 10, 1376, 6496.0; 16207.0; 28886.0; 5770.0; 30384.0; 10260.0; 63148.0; 1518.0; 50297.0; 1519.0; 562.0; 28230.0; 65664.0; 36727.0; 63381.0; 58022.0; 10776.0; 19015.0; 14801.0; 49977.0; 48224.0; 67582.0; 3336.0; 3335.0; 26076.0; 450.0; 24988.0; 4676.0; 14075.0; 27906.0; 41040.0; 49906.0; 39855.0; 9750.0; 24334.0; 30438.0; 39279.0; 26299.0; 7393.0; 18680.0; 9218.0; 18943.0; 12562.0; 15615.0; 12482.0; 13310.0; 6186.0; 459.0; 4273.0; 10918.0; 16248.0; 63569.0; 29336.0; 16701.0; 1558.0; 49096.0; 51934.0; 52031.0; 1975.0; 51500.0; 20011.0; 28218.0; 3461.0; 34460.0; 9918.0; 3895.0; 10126.0; 7823.0; 9228.0; 8409.0; 1553.0; 11526.0; 11976.0; 12418.0; 69437.0; 12542.0; 12271.0; 1428.0; 14143.0; 10249.0; 13515.0; 23784.0; 55413.0; 22386.0; 5909.0; 2405.0; 7890.0; 1450.0; 5022.0; 11841.0; 3614.0; 7939.0; 1597.0; 12388.0; 15144.0; 8187.0; 28105.0; 19836.0; 68932.0; 3298.0; 1599.0; 1601.0; 9723.0; 2144.0; 7368.0; 57998.0; 27035.0; 1525.0; 1524.0; 23856.0; 7909.0; 11956.0; 15191.0; 25913.0; 45831.0; 5262.0; 4976.0; 27972.0; 4484.0; 8406.0; 4977.0; 17189.0; 2850.0; 28998.0; 42745.0; 13882.0; 24356.0; 4982.0; 9042.0; 13288.0; 4986.0; 14035.0; 10330.0; 41774.0; 33979.0; 9766.0; 26369.0; 50393.0; 374.0; 6313.0; 40040.0; 7832.0; 4967.0; 39037.0; 31246.0; 7425.0; 16489.0; 4953.0; 6848.0; 11248.0; 3381.0; 4458.0; 57013.0; 20259.0; 4762.0; 8843.0; 9281.0; 15876.0; 41232.0; 9022.0; 34664.0; 63140.0; 62549.0; 35079.0; 3920.0; 41270.0; 1507.0; 69490.0; 49813.0; 4299.0; 26149.0; 59078.0; 58177.0; 4659.0; 56957.0; 25948.0; 1751.0; 1756.0; 4307.0; 12220.0; 7493.0; 6900.0; 46834.0; 4555.0; 63981.0; 14646.0; 4557.0; 34555.0; 56829.0; 10595.0; 25553.0; 32689.0; 26005.0; 66198.0; 34932.0; 30369.0; 58703.0; 49847.0; 71751.0; 4201.0; 7803.0; 3533.0; 26011.0; 4081.0; 1296.0; 1297.0; 2789.0; 8678.0; 24682.0; 36643.0; 9376.0; 1299.0; 3240.0; 67746.0; 742.0; 27711.0; 26718.0; 15744.0; 24399.0; 5816.0; 10324.0; 9604.0; 671.0; 8680.0; 670.0; 3820.0; 8986.0; 5610.0; 6724.0; 3780.0; 680.0; 12019.0; 25445.0; 24892.0; 682.0; 10977.0; 3200.0; 80.0; 685.0; 9020.0; 27479.0; 687.0; 9289.0; 41378.0; 12156.0; 16624.0; 531.0; 548.0; 3064.0; 7537.0; 13653.0; 102.0; 7124.0; 15746.0; 31488.0; 65970.0; 10034.0; 7957.0; 26224.0; 23695.0; 24301.0; 23956.0; 14677.0; 652.0; 656.0; 187.0; 3441.0; 8888.0; 26494.0; 41709.0; 24328.0; 9204.0; 59632.0; 42352.0; 7263.0; 43491.0; 25764.0; 22570.0; 553.0; 9393.0; 24442.0; 28777.0; 51283.0; 3002.0; 44350.0; 26888.0; 3570.0; 49903.0; 216.0; 3557.0; 3554.0; 11228.0; 28012.0; 15306.0; 21962.0; 70716.0; 208.0; 24731.0; 3634.0; 3562.0; 3563.0; 1256.0; 8792.0; 7031.0; 37038.0; 1995.0; 597.0; 7963.0; 25442.0; 571.0; 3542.0; 3360.0; 40542.0; 416.0; 18033.0; 25559.0; 435.0; 39383.0; 38022.0; 33307.0; 40912.0; 35293.0; 273.0; 22969.0; 26886.0; 14082.0; 39620.0; 1830.0; 71896.0; 882.0; 28005.0; 9962.0; 2347.0; 2349.0; 1043.0; 1645.0; 40371.0; 10470.0; 3786.0; 3024.0; 3188.0; 5176.0; 6559.0; 10646.0; 21473.0; 25194.0; 45899.0; 65980.0; 50159.0; 231.0; 2666.0; 8259.0; 1188.0; 67335.0; 7421.0; 55290.0; 1163.0; 5297.0; 24952.0; 29330.0; 823.0; 30753.0; 31592.0; 5137.0; 37652.0; 767.0; 34990.0; 2943.0; 31121.0; 65867.0; 17939.0; 31025.0; 5321.0; 8351.0; 9544.0; 38155.0; 44191.0; 20173.0; 7399.0; 30090.0; 26544.0; 34006.0; 35437.0; 58621.0; 27009.0; 3388.0; 35671.0; 28668.0; 2537.0; 236.0; 5652.0; 7181.0; 44437.0; 40223.0; 32976.0; 15187.0; 31860.0; 45976.0; 4414.0; 22802.0; 42226.0; 908.0; 24033.0; 15514.0; 32924.0; 796.0; 29091.0; 33559.0; 29675.0; 40801.0; 47439.0; 7272.0; 24794.0; 23367.0; 24089.0; 40316.0; 18221.0; 13049.0; 992.0; 4945.0; 41411.0; 27028.0; 42596.0; 28935.0; 35281.0; 44808.0; 2983.0; 9796.0; 41427.0; 15075.0; 62297.0; 23836.0; 14150.0; 40177.0; 58937.0; 5064.0; 33872.0; 36572.0; 45150.0; 27991.0; 38519.0; 14237.0; 21660.0; 15610.0; 1135.0; 3667.0; 36407.0; 46676.0; 46826.0; 18278.0; 59532.0; 2451.0; 11823.0; 24404.0; 43612.0; 26694.0; 49919.0; 40306.0; 56438.0; 14467.0; 26919.0; 36247.0; 41012.0; 1115.0; 20677.0; 29980.0; 496.0; 7766.0; 9941.0; 62432.0; 11453.0; 40087.0; 18442.0; 46475.0; 6194.0; 24102.0; 36150.0; 27167.0; 1344.0; 2376.0; 27012.0; 1341.0; 35789.0; 1338.0; 67219.0; 24235.0; 23314.0; 26072.0; 13170.0; 993.0; 7865.0; 791.0; 14611.0; 17306.0; 10623.0; 13673.0; 63646.0; 65588.0; 16734.0; 25915.0; 29455.0; 19350.0; 6463.0; 37267.0; 24667.0; 36205.0; 29244.0; 20231.0; 30748.0; 10486.0; 10740.0; 32537.0; 26307.0; 26829.0; 8060.0; 27486.0; 31005.0; 29794.0; 2237.0; 57712.0; 69015.0; 7159.0; 4736.0; 4159.0; 4158.0; 21850.0; 7653.0; 4142.0; 8083.0; 6007.0; 7546.0; 33336.0; 7802.0; 16499.0; 14376.0; 2477.0; 4137.0; 41621.0; 9862.0; 10438.0; 4138.0; 45616.0; 50643.0; 63193.0; 7649.0; 39137.0; 10239.0; 55412.0; 7552.0; 41668.0; 448.0; 8116.0; 55236.0; 42473.0; 44678.0; 2398.0; 2397.0; 45649.0; 11260.0; 4337.0; 1431.0; 15696.0; 638.0; 58855.0; 27768.0; 29315.0; 50045.0; 63243.0; 40420.0; 24539.0; 1631.0; 26179.0; 24530.0; 19983.0; 15211.0; 12289.0; 2352.0; 11324.0; 43952.0; 10277.0; 30570.0; 11389.0; 28095.0; 25233.0; 16470.0; 1436.0; 29013.0; 12396.0; 29690.0; 21162.0; 24602.0; 22890.0; 35467.0; 2286.0; 17326.0; 33256.0; 40362.0; 30006.0; 45570.0; 40959.0; 7392.0; 19906.0; 2283.0; 22865.0; 13212.0; 14952.0; 40534.0; 34337.0; 6406.0; 24325.0; 6425.0; 26440.0; 986.0; 9665.0; 5953.0; 30051.0; 5453.0; 5452.0; 1781.0; 24714.0; 22475.0; 9811.0; 12523.0; 15939.0; 29355.0; 32696.0; 48797.0; 49991.0; 57789.0; 283.0; 2760.0; 7580.0; 23160.0; 28487.0; 422.0; 3623.0; 7597.0; 13487.0; 17570.0; 16994.0; 30459.0; 46809.0; 58396.0; 68897.0; 9868.0; 8407.0; 28197.0; 24310.0; 23614.0; 3438.0; 1602.0; 337.0; 495.0; 16364.0; 21807.0; 32536.0; 15721.0; 38413.0; 49869.0; 51499.0; 61038.0; 63900.0; 58048.0; 8456.0; 10509.0; 59331.0; 31052.0; 2047.0; 7229.0; 1674.0; 6527.0; 8597.0; 23170.0; 12929.0; 26448.0; 22017.0; 30670.0; 35706.0; 38224.0; 47115.0; 55549.0; 10354.0; 47470.0; 66003.0; 1113.0; 60969.0; 51816.0; 58779.0; 67619.0; 1585.0; 1684.0; 1749.0; 3107.0; 4808.0; 5771.0; 6864.0; 47161.0; 63451.0; 65641.0; 1689.0; 382.0; 26065.0; 26447.0; 30526.0; 45360.0; 46546.0; 63077.0; 1809.0; 925.0; 9717.0; 16564.0; 69467.0; 1109.0; 11554.0; 21659.0; 69049.0; 1723.0; 9510.0; 10091.0; 26450.0; 28087.0; 28739.0; 6806.0; 61157.0; 63748.0; 20923.0; 26580.0; 66120.0; 26035.0; 57244.0; 1227.0; 7455.0; 12876.0; 12594.0; 24216.0; 47855.0; 65451.0; 62714.0; 42408.0; 5299.0; 23068.0; 46477.0; 57781.0; 2602.0; 24755.0; 27473.0; 8670.0; 9929.0; 37730.0; 26403.0; 44946.0; 65650.0; 51753.0; 22816.0; 69614.0; 77.0; 1394.0; 1687.0; 175.0; 9175.0; 1996.0; 5136.0; 35031.0; 57484.0; 67451.0; 69553.0; 45418.0; 15050.0; 35184.0; 2804.0; 5516.0; 32402.0; 24265.0; 41657.0; 59659.0; 63355.0; 10446.0; 43915.0; 46742.0; 48359.0; 8435.0; 2215.0; 14987.0; 50982.0; 43122.0; 43211.0; 23211.0; 12959.0; 4237.0; 14280.0; 29124.0; 25062.0; 10006.0; 20863.0; 1204.0; 51471.0; 50469.0; 1205.0; 3826.0; 8796.0; 30154.0; 37565.0; 13083.0; 35244.0; 36700.0; 1206.0; 24494.0; 13312.0; 10945.0; 26963.0; 16204.0; 23762.0; 25989.0; 28702.0; 1202.0; 16890.0; 15355.0; 13141.0; 1244.0; 1069.0; 23227.0; 3631.0; 7715.0; 1456.0; 28954.0; 13350.0; 1461.0; 5021.0; 46973.0; 51847.0; 20670.0; 44263.0; 24822.0; 6951.0; 1241.0; 1411.0; 6441.0; 14714.0; 3253.0; 47651.0; 13773.0; 6470.0; 12158.0; 6929.0; 8251.0; 7870.0; 15621.0; 57765.0; 31368.0; 13516.0; 3226.0; 62625.0; 26750.0; 38015.0; 36498.0; 56735.0; 4095.0; 29417.0; 44912.0; 28839.0; 1944.0; 9753.0; 56954.0; 24254.0; 37862.0; 40020.0; 12824.0; 62340.0; 2635.0; 7566.0; 1606.0; 13548.0; 6552.0; 17804.0; 26297.0; 440.0; 38375.0; 3482.0; 11807.0; 15125.0; 15441.0; 21535.0; 23440.0; 24218.0; 24659.0; 24732.0; 28642.0; 41981.0; 49293.0; 24302.0; 3625.0; 23358.0; 11549.0; 949.0; 17448.0; 24886.0; 23136.0; 20833.0; 7969.0; 41827.0; 7045.0; 6178.0; 1229.0; 849.0; 9202.0; 2248.0; 26152.0; 24644.0; 9759.0; 24456.0; 26386.0; 2782.0; 2779.0; 2816.0; 51530.0; 4446.0; 63560.0; 11162.0; 1653.0; 2770.0; 8184.0; 2845.0; 2844.0; 2558.0; 3683.0; 8784.0; 6429.0; 11496.0; 835.0; 13549.0; 15540.0; 18298.0; 7363.0; 1792.0; 5637.0; 1058.0; 2842.0; 2928.0; 3056.0; 5284.0; 5220.0; 6651.0; 6824.0; 13839.0; 12405.0; 27819.0; 6971.0; 7731.0; 6706.0; 23030.0; 6962.0; 160.0; 7352.0; 2581.0; 7773.0; 2490.0; 2819.0; 2820.0; 533.0; 13419.0; 7231.0; 8729.0; 12328.0; 2183.0; 2878.0; 6922.0; 19448.0; 24877.0; 65943.0; 2310.0; 7097.0; 7676.0; 868.0; 1963.0; 3072.0; 3071.0; 16448.0; 4650.0; 10980.0; 23424.0; 24277.0; 2888.0; 24648.0; 3612.0; 12247.0; 10718.0; 83.0; 4132.0; 5232.0; 6963.0; 2176.0; 9283.0; 2859.0; 1727.0; 2178.0; 7452.0; 9439.0; 13362.0; 369.0; 16342.0; 23811.0; 69315.0; 8487.0; 67480.0; 1036.0; 5251.0; 9426.0; 15039.0; 1634.0; 27177.0; 8059.0; 2201.0; 2199.0; 6521.0; 4182.0; 22500.0; 2942.0; 3105.0; 15855.0; 23319.0; 23768.0; 39649.0; 49896.0; 65849.0; 5463.0; 16550.0; 14407.0; 2326.0; 21808.0; 2212.0; 629.0; 28432.0; 15630.0; 13699.0; 1371.0; 35596.0; 64064.0; 24696.0; 12576.0; 23305.0; 42602.0; 13441.0; 25552.0; 819.0; 3588.0; 8463.0; 5791.0; 39181.0; 1548.0; 8896.0; 9368.0; 5477.0; 6160.0; 3021.0; 1664.0; 12917.0; 4445.0; 1551.0; 2387.0; 2954.0; 62496.0; 1579.0; 1655.0; 4845.0; 147.0; 6130.0; 3794.0; 6868.0; 11656.0; 15344.0; 47165.0; 2996.0; 8868.0; 1496.0; 17458.0; 5608.0; 7225.0; 2553.0; 1360.0; 1251.0; 10505.0; 27075.0; 39520.0; 17767.0; 3506.0; 16038.0; 2110.0; 3664.0; 1760.0; 12904.0; 26522.0; 30058.0; 26671.0; 57114.0; 6538.0; 7827.0; 14814.0; 1351.0; 348.0; 13585.0; 5121.0; 61150.0; 1228.0; 1350.0; 407.0; 23065.0; 19804.0; 27057.0; 34078.0; 67296.0; 20981.0; 26581.0; 25577.0; 35769.0; 33612.0; 30929.0; 32308.0; 41892.0; 24032.0; 1608.0; 51800.0; 57991.0; 25979.0; 9113.0; 10867.0; 12587.0; 24134.0; 28200.0; 26823.0; 16473.0; 40034.0; 746.0; 747.0; 19232.0; 31680.0; 40901.0; 39080.0; 726.0; 21254.0; 32426.0; 115.0; 23399.0; 13976.0; 5510.0; 1480.0; 32249.0; 19958.0; 34954.0; 50462.0; 27250.0; 1407.0; 17644.0; 40935.0; 7692.0; 11387.0; 12921.0; 9282.0; 65655.0; 63433.0; 7904.0; 723.0; 7792.0; 2657.0; 5801.0; 28678.0; 35330.0; 29565.0; 28450.0; 21879.0; 18349.0; 24078.0; 20420.0; 721.0; 2856.0; 18737.0; 24656.0; 49084.0; 35940.0; 26947.0; 34426.0; 42978.0; 62240.0; 9001.0; 30135.0; 23701.0; 11030.0; 7237.0; 8880.0; 2566.0; 27076.0; 26276.0; 29624.0; 30679.0; 44837.0; 17011.0; 9818.0; 18439.0; 21145.0; 15329.0; 27197.0; 26019.0; 32254.0; 25574.0; 4236.0; 36006.0; 17957.0; 2100.0; 8405.0; 8454.0; 28982.0; 15457.0; 58046.0; 27300.0; 31888.0; 69052.0; 7004.0; 26262.0; 14525.0; 6394.0; 22945.0; 26927.0; 32489.0; 2094.0; 4393.0; 2264.0; 3093.0; 1630.0; 4011.0; 39831.0; 25071.0; 23448.0; 2170.0; 37336.0; 29125.0; 57939.0; 2316.0; 9954.0; 6983.0; 13717.0; 38287.0; 2315.0; 15206.0; 63726.0; 6758.0; 7993.0; 57248.0; 18050.0; 7864.0; 69141.0; 1197.0; 2060.0; 1795.0; 19910.0; 15895.0; 1796.0; 67192.0; 26487.0; 65276.0; 20884.0; 50124.0; 57303.0; 15347.0; 42794.0; 42547.0; 27374.0; 13070.0; 14802.0; 29612.0; 12836.0; 57880.0; 59073.0; 55144.0; 49954.0; 29287.0; 10037.0; 25704.0; 24354.0; 47469.0; 29241.0; 28516.0; 39268.0; 47776.0; 39568.0; 27387.0; 27692.0; 36702.0; 26905.0; 65795.0; 29448.0; 11911.0; 34980.0; 28940.0; 24673.0; 37758.0; 38524.0; 47412.0; 14404.0; 8696.0; 11273.0; 38765.0; 40842.0; 23760.0; 66182.0; 23395.0; 28423.0; 874.0; 1790.0; 25793.0; 40474.0; 36246.0; 71920.0; 39990.0; 12984.0; 28525.0; 28728.0; 47521.0; 2470.0; 10153.0; 9245.0; 2469.0; 27274.0; 60871.0; 29674.0; 28861.0; 29891.0; 44166.0; 25240.0; 8438.0; 1696.0; 23734.0; 23537.0; 29386.0; 26939.0; 2460.0; 2458.0; 12067.0; 1326.0; 47267.0; 38362.0; 4466.0; 25860.0; 35984.0; 564.0; 11998.0; 36230.0; 30814.0; 2430.0; 23730.0; 22981.0; 5881.0; 2426.0; 4624.0; 34502.0; 24948.0; 36229.0; 2428.0; 6210.0; 26036.0; 27323.0; 30198.0; 2384.0; 34725.0; 7023.0; 51739.0; 1850.0; 27184.0; 9407.0; 30596.0; 40278.0; 25257.0; 33187.0; 71884.0; 11992.0; 1171.0; 30267.0; 59058.0
dawn, 8, 97, 59757.0; 9218.0; 32620.0; 4458.0; 49653.0; 49918.0; 46834.0; 8811.0; 35459.0; 7785.0; 2026.0; 8888.0; 44989.0; 9547.0; 22599.0; 1134.0; 4117.0; 3567.0; 3002.0; 25111.0; 59307.0; 882.0; 2349.0; 3800.0; 50159.0; 1163.0; 37558.0; 236.0; 14237.0; 8890.0; 1344.0; 546.0; 9475.0; 10783.0; 914.0; 8107.0; 45604.0; 17326.0; 27472.0; 30051.0; 30783.0; 26353.0; 1596.0; 46546.0; 1226.0; 25462.0; 42408.0; 4403.0; 1394.0; 36852.0; 38361.0; 3655.0; 25301.0; 439.0; 7715.0; 20670.0; 6037.0; 1411.0; 14714.0; 12158.0; 24254.0; 26297.0; 2896.0; 63560.0; 11162.0; 6429.0; 5637.0; 16448.0; 3612.0; 15652.0; 23319.0; 2326.0; 35596.0; 8463.0; 39181.0; 431.0; 4445.0; 2387.0; 140.0; 1361.0; 57114.0; 55771.0; 35769.0; 24241.0; 36634.0; 9282.0; 7792.0; 25574.0; 2100.0; 2316.0; 20884.0; 13070.0; 10037.0; 34919.0; 2462.0; 25454.0; 30673.0
afternoon, 1, 688, 3339.0; 1757.0; 30860.0; 13276.0; 5697.0; 26830.0; 8999.0; 1695.0; 21907.0; 63362.0; 50297.0; 562.0; 28230.0; 1649.0; 36727.0; 40170.0; 40412.0; 7246.0; 58022.0; 6267.0; 8804.0; 24988.0; 50721.0; 32444.0; 33358.0; 41506.0; 42999.0; 12065.0; 21977.0; 39639.0; 20011.0; 9918.0; 12418.0; 11589.0; 10249.0; 5909.0; 8064.0; 5685.0; 4643.0; 68932.0; 3298.0; 55727.0; 57998.0; 27035.0; 12709.0; 11630.0; 43285.0; 25913.0; 6695.0; 7872.0; 8905.0; 63832.0; 145.0; 841.0; 48900.0; 9129.0; 26997.0; 5076.0; 65393.0; 58458.0; 27613.0; 7973.0; 3293.0; 50393.0; 4962.0; 59396.0; 28820.0; 359.0; 58086.0; 7425.0; 4973.0; 3301.0; 10766.0; 15371.0; 5013.0; 3920.0; 57774.0; 58053.0; 38835.0; 5778.0; 4307.0; 7493.0; 25553.0; 71794.0; 51430.0; 11946.0; 5620.0; 57944.0; 2789.0; 8543.0; 2018.0; 10422.0; 24682.0; 2353.0; 8621.0; 58004.0; 24371.0; 698.0; 7148.0; 3209.0; 6513.0; 691.0; 116.0; 1318.0; 63738.0; 672.0; 65789.0; 8986.0; 5610.0; 12019.0; 455.0; 21154.0; 5529.0; 36505.0; 2628.0; 7642.0; 15067.0; 7789.0; 6734.0; 15746.0; 1065.0; 5650.0; 57323.0; 65970.0; 7785.0; 661.0; 10034.0; 8745.0; 651.0; 24301.0; 8305.0; 655.0; 2026.0; 45347.0; 10097.0; 658.0; 25531.0; 3297.0; 13729.0; 7263.0; 11886.0; 12021.0; 96.0; 668.0; 22996.0; 3565.0; 12034.0; 26888.0; 3570.0; 2712.0; 11506.0; 3559.0; 3550.0; 105.0; 2932.0; 10251.0; 1260.0; 65679.0; 1258.0; 1995.0; 571.0; 179.0; 17168.0; 416.0; 17455.0; 799.0; 40417.0; 5954.0; 38022.0; 15102.0; 22899.0; 577.0; 42939.0; 34224.0; 14082.0; 21714.0; 13285.0; 977.0; 13494.0; 39764.0; 28005.0; 14638.0; 1621.0; 1766.0; 3800.0; 4738.0; 5176.0; 10646.0; 26572.0; 65464.0; 3229.0; 67335.0; 7421.0; 3602.0; 6875.0; 24620.0; 29409.0; 31603.0; 767.0; 2943.0; 1211.0; 15150.0; 65867.0; 20457.0; 38155.0; 475.0; 17175.0; 19936.0; 48073.0; 4502.0; 28945.0; 36355.0; 35671.0; 7181.0; 25651.0; 32594.0; 10889.0; 15187.0; 14854.0; 4414.0; 44783.0; 23530.0; 24776.0; 25768.0; 20423.0; 5694.0; 25323.0; 24794.0; 4379.0; 43973.0; 2677.0; 992.0; 29435.0; 41411.0; 1471.0; 1062.0; 62558.0; 1141.0; 1150.0; 23581.0; 40177.0; 58937.0; 7300.0; 45911.0; 4421.0; 1136.0; 62393.0; 56937.0; 59532.0; 43612.0; 40306.0; 41195.0; 12470.0; 496.0; 7766.0; 50534.0; 50717.0; 24879.0; 58092.0; 1345.0; 7865.0; 18632.0; 65588.0; 25915.0; 6463.0; 6445.0; 16013.0; 14383.0; 21240.0; 6420.0; 29223.0; 10486.0; 565.0; 58126.0; 11328.0; 29403.0; 27486.0; 2159.0; 4156.0; 7168.0; 10800.0; 63398.0; 11687.0; 13833.0; 3390.0; 23246.0; 1123.0; 10733.0; 9627.0; 50643.0; 19666.0; 400.0; 30238.0; 10506.0; 41668.0; 7664.0; 2397.0; 45649.0; 7519.0; 27768.0; 40420.0; 24539.0; 1527.0; 24529.0; 1951.0; 24970.0; 8039.0; 8289.0; 16470.0; 16744.0; 31648.0; 2283.0; 22865.0; 38411.0; 6425.0; 9665.0; 30051.0; 5453.0; 5452.0; 28409.0; 22475.0; 57182.0; 65538.0; 7439.0; 7146.0; 283.0; 9850.0; 7580.0; 16416.0; 422.0; 9392.0; 13487.0; 39610.0; 68897.0; 1724.0; 1589.0; 36310.0; 51499.0; 61066.0; 62403.0; 967.0; 1880.0; 2047.0; 1672.0; 391.0; 37307.0; 6527.0; 16276.0; 38046.0; 30670.0; 37885.0; 29170.0; 36647.0; 43757.0; 1681.0; 20435.0; 3281.0; 57743.0; 7406.0; 5771.0; 10948.0; 65641.0; 1689.0; 1690.0; 382.0; 26065.0; 46546.0; 71733.0; 28008.0; 7614.0; 927.0; 31009.0; 1106.0; 933.0; 28123.0; 61157.0; 939.0; 26567.0; 26222.0; 7455.0; 25339.0; 36326.0; 14112.0; 24898.0; 42448.0; 25621.0; 42304.0; 1383.0; 956.0; 1385.0; 27473.0; 8730.0; 34479.0; 51753.0; 11918.0; 9096.0; 69614.0; 36852.0; 2863.0; 25082.0; 2804.0; 61147.0; 19917.0; 3044.0; 11828.0; 24945.0; 1774.0; 3826.0; 8796.0; 50589.0; 7474.0; 11432.0; 36700.0; 24494.0; 55583.0; 23477.0; 15475.0; 1201.0; 70692.0; 23191.0; 16204.0; 46665.0; 12884.0; 1069.0; 25548.0; 12087.0; 1458.0; 3777.0; 23882.0; 28017.0; 23018.0; 1278.0; 49697.0; 8972.0; 44263.0; 514.0; 2216.0; 2364.0; 12158.0; 25056.0; 2319.0; 7870.0; 11786.0; 13516.0; 26750.0; 11430.0; 36498.0; 39922.0; 10913.0; 1944.0; 7234.0; 6932.0; 59736.0; 8913.0; 3519.0; 1636.0; 13548.0; 16580.0; 11514.0; 11807.0; 21535.0; 23440.0; 24218.0; 49293.0; 55195.0; 949.0; 41350.0; 27495.0; 1638.0; 26152.0; 2907.0; 51530.0; 4446.0; 63560.0; 26381.0; 2855.0; 4637.0; 63078.0; 1792.0; 5637.0; 3056.0; 5649.0; 27819.0; 6706.0; 7773.0; 14642.0; 2819.0; 596.0; 7115.0; 7231.0; 9357.0; 24877.0; 2309.0; 1954.0; 1301.0; 1919.0; 816.0; 3072.0; 10980.0; 18403.0; 4132.0; 2182.0; 2935.0; 1794.0; 7988.0; 2755.0; 9439.0; 10265.0; 369.0; 67480.0; 25266.0; 1634.0; 4947.0; 4886.0; 6521.0; 14407.0; 502.0; 629.0; 10533.0; 1369.0; 64064.0; 23305.0; 1376.0; 1375.0; 5104.0; 8463.0; 12818.0; 3021.0; 1563.0; 2387.0; 1578.0; 15821.0; 12518.0; 2876.0; 17458.0; 5641.0; 2553.0; 1251.0; 27075.0; 6782.0; 16038.0; 2110.0; 2667.0; 3604.0; 44401.0; 49243.0; 62929.0; 60892.0; 62902.0; 61150.0; 58379.0; 61138.0; 31939.0; 1350.0; 67296.0; 28263.0; 12628.0; 8935.0; 32746.0; 36826.0; 45551.0; 24266.0; 24032.0; 25979.0; 10192.0; 12351.0; 28200.0; 26823.0; 36915.0; 33784.0; 40034.0; 2848.0; 32302.0; 1480.0; 46604.0; 6992.0; 1407.0; 32332.0; 5369.0; 38104.0; 67590.0; 13034.0; 2657.0; 45137.0; 28450.0; 720.0; 721.0; 16303.0; 2856.0; 35218.0; 38893.0; 8514.0; 11762.0; 26377.0; 41448.0; 29326.0; 30135.0; 2219.0; 7237.0; 23247.0; 38764.0; 25043.0; 36006.0; 6097.0; 43553.0; 68899.0; 1865.0; 3094.0; 7356.0; 26352.0; 58414.0; 2509.0; 6394.0; 1271.0; 27141.0; 26927.0; 3049.0; 56106.0; 24224.0; 57784.0; 18958.0; 3085.0; 67401.0; 59185.0; 1554.0; 1801.0; 65779.0; 29357.0; 10510.0; 20802.0; 2059.0; 42794.0; 42547.0; 14802.0; 28545.0; 31062.0; 29612.0; 44649.0; 40475.0; 29241.0; 10910.0; 38032.0; 14404.0; 30367.0; 18059.0; 42945.0; 27146.0; 28936.0; 40842.0; 36306.0; 2472.0; 36246.0; 28703.0; 46494.0; 28525.0; 35593.0; 47720.0; 24862.0; 3233.0; 25240.0; 2076.0; 1696.0; 26587.0; 29386.0; 38362.0; 26790.0; 11493.0; 4466.0; 35984.0; 27779.0; 24674.0; 23730.0; 33097.0; 4624.0; 34502.0; 8517.0; 38122.0; 41776.0; 26605.0; 27399.0; 11966.0; 50318.0; 24976.0; 46334.0; 10556.0; 27955.0; 48811.0; 1265.0
midnight, 6, 294, 13276.0; 5770.0; 17292.0; 7246.0; 19015.0; 9212.0; 12333.0; 49148.0; 63252.0; 8983.0; 39279.0; 6960.0; 13663.0; 7809.0; 20608.0; 24738.0; 29336.0; 51934.0; 52031.0; 48354.0; 10126.0; 2144.0; 7909.0; 4980.0; 4982.0; 8017.0; 4959.0; 4960.0; 67239.0; 7830.0; 11248.0; 31100.0; 56800.0; 37793.0; 10861.0; 1018.0; 5311.0; 37656.0; 51304.0; 2902.0; 34555.0; 26005.0; 69065.0; 4409.0; 26943.0; 26554.0; 63286.0; 681.0; 672.0; 11016.0; 102.0; 41704.0; 651.0; 652.0; 187.0; 8888.0; 9391.0; 45347.0; 37044.0; 7967.0; 8227.0; 9534.0; 22599.0; 49903.0; 3647.0; 3550.0; 70716.0; 27480.0; 8171.0; 38022.0; 39620.0; 26196.0; 45572.0; 1621.0; 5176.0; 6559.0; 1163.0; 31603.0; 21792.0; 20457.0; 8351.0; 26245.0; 475.0; 43519.0; 20100.0; 28945.0; 28668.0; 59333.0; 2897.0; 42226.0; 29636.0; 26617.0; 27261.0; 62297.0; 6656.0; 58937.0; 3667.0; 18278.0; 16294.0; 23686.0; 1099.0; 1341.0; 67219.0; 13691.0; 35914.0; 45665.0; 21240.0; 6443.0; 44665.0; 34260.0; 11987.0; 1063.0; 11687.0; 21438.0; 8441.0; 50643.0; 63193.0; 55412.0; 2400.0; 30841.0; 49309.0; 55236.0; 7519.0; 7303.0; 7568.0; 63243.0; 7835.0; 19983.0; 18189.0; 26948.0; 33256.0; 27682.0; 31631.0; 62934.0; 7392.0; 7294.0; 22865.0; 14952.0; 23400.0; 17730.0; 18623.0; 1395.0; 35479.0; 22475.0; 12523.0; 48797.0; 16142.0; 68897.0; 8407.0; 11930.0; 1600.0; 1685.0; 8777.0; 495.0; 36310.0; 36467.0; 1674.0; 6232.0; 6864.0; 62354.0; 1689.0; 382.0; 26065.0; 25999.0; 45360.0; 13816.0; 49092.0; 29045.0; 24562.0; 956.0; 8730.0; 1390.0; 9096.0; 3150.0; 1160.0; 9980.0; 43122.0; 20068.0; 1205.0; 3826.0; 26354.0; 13949.0; 13141.0; 19472.0; 8717.0; 1502.0; 28954.0; 1282.0; 44263.0; 26521.0; 26874.0; 28720.0; 48012.0; 8420.0; 24254.0; 9507.0; 16580.0; 12795.0; 24218.0; 24659.0; 2896.0; 26381.0; 69291.0; 8784.0; 1792.0; 22431.0; 5220.0; 6824.0; 13839.0; 21354.0; 3169.0; 160.0; 27327.0; 19448.0; 22815.0; 2887.0; 1963.0; 10980.0; 875.0; 9648.0; 5232.0; 2142.0; 2859.0; 16342.0; 62169.0; 2249.0; 14407.0; 15174.0; 166.0; 1371.0; 64064.0; 470.0; 13441.0; 39181.0; 1548.0; 9051.0; 2955.0; 62496.0; 5383.0; 6746.0; 12165.0; 3086.0; 5641.0; 16038.0; 7077.0; 14814.0; 9018.0; 1349.0; 23065.0; 36112.0; 1480.0; 598.0; 35330.0; 720.0; 35218.0; 49084.0; 8514.0; 51044.0; 18439.0; 35631.0; 17249.0; 48388.0; 59113.0; 48686.0; 25071.0; 35883.0; 22147.0; 5720.0; 13717.0; 7864.0; 41845.0; 26487.0; 58026.0; 11070.0; 50967.0; 50341.0; 25704.0; 40475.0; 67486.0; 37697.0; 14845.0; 19588.0; 2458.0; 2457.0; 35287.0; 1325.0; 49480.0; 44721.0; 35984.0; 27779.0; 27941.0; 24948.0; 27399.0; 1433.0
nighttime, 7, 39, 24988.0; 16701.0; 17189.0; 3351.0; 19170.0; 35387.0; 809.0; 48073.0; 861.0; 32594.0; 40223.0; 4325.0; 23530.0; 29455.0; 25592.0; 46206.0; 4985.0; 2760.0; 51816.0; 7382.0; 23493.0; 2786.0; 62851.0; 26381.0; 27819.0; 19448.0; 69315.0; 7331.0; 62496.0; 24194.0; 7627.0; 20333.0; 11387.0; 33789.0; 6758.0; 56861.0; 28545.0; 2459.0; 2430.0
daytime, 12, 54, 23046.0; 49096.0; 52031.0; 23856.0; 4964.0; 25724.0; 56957.0; 24399.0; 4481.0; 26646.0; 7366.0; 9694.0; 39620.0; 10687.0; 9568.0; 28711.0; 1158.0; 27023.0; 51180.0; 8107.0; 15211.0; 30051.0; 58461.0; 1568.0; 6712.0; 16631.0; 10354.0; 6347.0; 2070.0; 4353.0; 3150.0; 1160.0; 46665.0; 1866.0; 24818.0; 27819.0; 8226.0; 2954.0; 63033.0; 1353.0; 847.0; 407.0; 24266.0; 725.0; 42726.0; 43059.0; 1268.0; 38287.0; 57303.0; 41907.0; 39851.0; 28525.0; 26790.0; 25257.0
sunrise/sunup, 9, 77, 30735.0; 32447.0; 18680.0; 15108.0; 18943.0; 66051.0; 28218.0; 9918.0; 8409.0; 5703.0; 41270.0; 1296.0; 57944.0; 8678.0; 67746.0; 691.0; 5610.0; 12156.0; 8797.0; 7427.0; 42658.0; 24089.0; 26962.0; 29704.0; 7653.0; 7567.0; 523.0; 4077.0; 55476.0; 23315.0; 24714.0; 12523.0; 58133.0; 16142.0; 13654.0; 21807.0; 56232.0; 69467.0; 28087.0; 28739.0; 939.0; 57484.0; 2804.0; 1245.0; 24413.0; 21193.0; 57765.0; 13548.0; 29358.0; 849.0; 22434.0; 14953.0; 97.0; 65849.0; 5463.0; 7804.0; 39181.0; 9368.0; 1351.0; 5586.0; 23065.0; 1407.0; 7205.0; 39831.0; 47469.0; 36702.0; 37697.0; 38524.0; 2806.0; 28861.0; 28803.0; 40474.0; 177.0; 2351.0; 21142.0; 27779.0; 8547.0
sundown/sunset, 3, 163, 28218.0; 12418.0; 2788.0; 2386.0; 40087.0; 4381.0; 4139.0; 30526.0; 42408.0; 945.0; 1278.0; 1240.0; 2216.0; 13983.0; 37010.0; 19339.0; 24456.0; 25009.0; 15039.0; 5801.0; 592.0; 36514.0; 1270.0; 4187.0; 25704.0; 1327.0; 10623.0; 83.0; 29609.0; 13494.0; 26095.0; 44479.0; 10861.0; 8729.0; 69269.0; 29530.0; 70716.0; 24539.0; 20594.0; 50502.0; 28012.0; 1436.0; 9918.0; 30573.0; 36076.0; 412.0; 23822.0; 45266.0; 59520.0; 26695.0; 59102.0; 49544.0; 12314.0; 37862.0; 15120.0; 2425.0; 3926.0; 12140.0; 63646.0; 45958.0; 25874.0; 30135.0; 7800.0; 24815.0; 41452.0; 59331.0; 67425.0; 10258.0; 1027.0; 19836.0; 8921.0; 1427.0; 36726.0; 15292.0; 14997.0; 946.0; 23440.0; 1693.0; 31631.0; 16350.0; 10814.0; 4635.0; 40645.0; 27978.0; 2405.0; 4959.0; 1727.0; 7366.0; 67313.0; 67271.0; 8407.0; 35456.0; 1351.0; 9051.0; 1955.0; 14719.0; 4134.0; 56937.0; 23033.0; 3380.0; 57970.0; 56165.0; 34426.0; 664.0; 3401.0; 50159.0; 55672.0; 531.0; 23614.0; 20523.0; 3121.0; 28386.0; 8409.0; 26205.0; 62497.0; 938.0; 12803.0; 56752.0; 44283.0; 2667.0; 4929.0; 62352.0; 30459.0; 39025.0; 48530.0; 7493.0; 22910.0; 56826.0; 4789.0; 1557.0; 1587.0; 11966.0; 49512.0; 26694.0; 11514.0; 15475.0; 898.0; 5251.0; 71801.0; 30028.0; 18620.0; 3820.0; 6632.0; 30531.0; 16870.0; 20435.0; 19983.0; 31100.0; 502.0; 4440.0; 21165.0; 2841.0; 2758.0; 35529.0; 69006.0; 5463.0; 26830.0; 8006.0; 8790.0; 51471.0; 6631.0; 13816.0; 2750.0
midday/noon, 0, 155, 39158.0; 6655.0; 651.0; 1647.0; 45899.0; 17939.0; 822.0; 8038.0; 63900.0; 7117.0; 11702.0; 10609.0; 28946.0; 26750.0; 7059.0; 20235.0; 2755.0; 67556.0; 3636.0; 26868.0; 734.0; 720.0; 37856.0; 6804.0; 23856.0; 57962.0; 49847.0; 47776.0; 21839.0; 11430.0; 4094.0; 46546.0; 2062.0; 15694.0; 26039.0; 36218.0; 2459.0; 34954.0; 16397.0; 8438.0; 5160.0; 8944.0; 65734.0; 56293.0; 29124.0; 3472.0; 36318.0; 2475.0; 25703.0; 28873.0; 880.0; 7771.0; 7455.0; 19589.0; 1620.0; 28899.0; 369.0; 49084.0; 40412.0; 62169.0; 2618.0; 28017.0; 1090.0; 17388.0; 46728.0; 26957.0; 60877.0; 10046.0; 44793.0; 24602.0; 992.0; 9502.0; 6960.0; 10925.0; 3085.0; 23440.0; 63286.0; 56798.0; 42967.0; 46805.0; 993.0; 34502.0; 63492.0; 28861.0; 11487.0; 690.0; 37758.0; 14887.0; 48930.0; 39098.0; 2037.0; 23911.0; 9627.0; 23399.0; 4709.0; 9277.0; 27551.0; 1527.0; 22651.0; 12655.0; 3281.0; 5742.0; 3226.0; 50659.0; 65464.0; 652.0; 4945.0; 20562.0; 2843.0; 62851.0; 9759.0; 58703.0; 18958.0; 791.0; 1138.0; 39383.0; 596.0; 1135.0; 7181.0; 1632.0; 58238.0; 15361.0; 35282.0; 58133.0; 26307.0; 62744.0; 38725.0; 40462.0; 65679.0; 16994.0; 8494.0; 35287.0; 4692.0; 49971.0; 22899.0; 49896.0; 2635.0; 27486.0; 10533.0; 15374.0; 1369.0; 21879.0; 62449.0; 8635.0; 13492.0; 5463.0; 3521.0; 13496.0; 7785.0; 2104.0; 1089.0; 36310.0; 5162.0; 1673.0
